Date,actual_direction,pred_direction_raw,pred_direction_thr,confidence_threshold,max_proba,proba_down,proba_side,proba_up,signal_active,signal,pred_return,actual_return,composite_direction
2024-01-02,-1,0,0,0.34,0.3446089892962659,0.3227773410503385,0.3446089892962659,0.3326136696533955,0,Hold,0.0811485678556444,-1.462892491788459,0
2024-01-03,1,0,0,0.34,0.3394245716021549,0.3358211778081775,0.3394245716021549,0.3247542505896675,0,Hold,0.11138958939812,0.3981957452896312,0
2024-01-04,0,0,0,0.34,0.3456109423325295,0.3237158184172898,0.3456109423325295,0.3306732392501805,0,Hold,0.1066785167505016,0.0048952447508909,0
2024-01-05,-1,0,0,0.34,0.3471975850158891,0.325201944207501,0.3471975850158891,0.3276004707766099,0,Hold,0.0962830668049347,-0.7736020681187616,0
2024-01-08,0,0,0,0.34,0.3716154060682501,0.3094300187916088,0.3716154060682501,0.318954575140141,0,Hold,0.0736399678234198,-0.0098663364395346,0
2024-01-09,0,0,0,0.34,0.3714182385754874,0.312283188789503,0.3714182385754874,0.3162985726350095,0,Hold,0.109108303116021,-0.2319420245539438,0
2024-01-10,-1,0,0,0.34,0.3610945987961246,0.3010142533732585,0.3610945987961246,0.3378911478306169,0,Hold,0.1029365988144094,-0.3660237682382439,0
2024-01-11,1,0,0,0.34,0.3419754555114481,0.3248939176739934,0.3419754555114481,0.3331306268145585,0,Hold,0.0852859378738876,1.6084943433625654,0
2024-01-12,-1,0,0,0.34,0.3456109423325295,0.3237158184172898,0.3456109423325295,0.3306732392501805,0,Hold,0.0610344265322602,-1.011381817839141,0
2024-01-16,-1,0,0,0.34,0.3495087287552998,0.3416425461934343,0.3495087287552998,0.3088487250512657,0,Hold,0.0392030749127918,-1.1549863975351735,0
2024-01-17,1,0,0,0.34,0.3421055206583799,0.3305751534024757,0.3421055206583799,0.3273193259391443,0,Hold,0.0326520706470503,0.7989613599849621,0
2024-01-18,1,0,0,0.34,0.3471975850158891,0.325201944207501,0.3471975850158891,0.3276004707766099,0,Hold,0.034402154822998,0.3913615629451028,0
2024-01-19,0,0,0,0.34,0.3694646035554997,0.3134268381552824,0.3694646035554997,0.3171085582892178,0,Hold,0.0492439769696761,-0.3306168848692281,0
2024-01-22,0,1,1,0.34,0.3455276028441492,0.318438931058611,0.3360334660972398,0.3455276028441492,1,Buy,0.0099323412690671,0.1930835849822232,1
2024-01-23,-1,0,0,0.34,0.3557924901813807,0.2991452810915687,0.3557924901813807,0.3450622287270505,0,Hold,0.0676537331648334,-0.4842578936733011,0
2024-01-24,0,0,0,0.34,0.3455011136856971,0.3377251281037108,0.3455011136856971,0.316773758210592,0,Hold,0.061505607449991,0.1489646935613375,0
2024-01-25,0,0,0,0.34,0.3598760522620609,0.3086642239073804,0.3598760522620609,0.3314597238305587,0,Hold,0.0127762912614806,-0.0049568934864074,0
2024-01-26,1,0,0,0.34,0.3553169175486297,0.330701862683691,0.3553169175486297,0.3139812197676793,0,Hold,0.0126146884980172,0.4164965361157513,0
2024-01-29,0,1,1,0.34,0.3451037463257924,0.3153361586356898,0.3395600950385178,0.3451037463257924,1,Buy,0.0219487870550232,0.3110828056498649,1
2024-01-30,1,1,1,0.34,0.3428493316299421,0.3167857154292697,0.3403649529407883,0.3428493316299421,1,Buy,0.0297577841577675,0.8318928055008667,1
2024-01-31,0,1,0,0.34,0.3375090320527458,0.332520950822943,0.3299700171243111,0.3375090320527458,0,Hold,0.0007182846886826,0.2245702926946258,0
2024-02-01,-1,0,0,0.34,0.3431479527552871,0.339783531461975,0.3431479527552871,0.3170685157827379,0,Hold,-0.0256252268640793,-0.8231867712646279,0
2024-02-02,-1,0,0,0.34,0.35330335112436,0.3153073563137381,0.35330335112436,0.3313892925619018,0,Hold,0.0598410196988759,-0.5107816187203351,0
2024-02-05,1,0,0,0.34,0.3633088688849203,0.3025134811164757,0.3633088688849203,0.334177649998604,0,Hold,0.0495411488160178,0.4344201530455782,0
2024-02-06,0,0,0,0.34,0.3489448651899271,0.3277404931009313,0.3489448651899271,0.3233146417091415,0,Hold,0.063363465226727,0.0344040880744689,0
2024-02-07,0,0,0,0.34,0.3377684469673448,0.3333666906739524,0.3377684469673448,0.3288648623587027,0,Hold,0.0399200616387388,-0.1474056639138909,0
2024-02-08,-1,0,0,0.34,0.3377684469673448,0.3333666906739524,0.3377684469673448,0.3288648623587027,0,Hold,0.0472105840707464,-0.4379442258434229,0
2024-02-09,0,1,0,0.34,0.336360014513315,0.3280434582346133,0.3355965272520715,0.336360014513315,0,Hold,0.0732654008205992,-0.2520682811827157,0
2024-02-12,-1,0,0,0.34,0.3568393919707067,0.3060596927466944,0.3568393919707067,0.3371009152825988,0,Hold,0.0617660792786767,-1.2535887112236854,0
2024-02-13,0,0,0,0.34,0.3476792838524269,0.3196685314807798,0.3476792838524269,0.3326521846667932,0,Hold,0.0480484840090118,-0.1304619175114929,0
2024-02-14,1,-1,-1,0.34,0.3445504727805399,0.3445504727805399,0.3359046946724002,0.3195448325470597,1,Sell,0.0378378446122124,0.5928717514105397,0
2024-02-15,1,0,0,0.34,0.3597923891688573,0.3112466106250275,0.3597923891688573,0.3289610002061151,0,Hold,0.036599337290901,0.469508242779515,0
2024-02-16,1,0,0,0.34,0.3419786110607593,0.3240727913677023,0.3419786110607593,0.3339485975715384,0,Hold,0.0411464404078509,0.7954262987819982,0
2024-02-20,0,0,0,0.34,0.341546553581062,0.3199089165808848,0.341546553581062,0.3385445298380531,0,Hold,0.0640360230480983,-0.2564710812268833,0
2024-02-21,0,-1,0,0.34,0.3361693928767083,0.3361693928767083,0.3335904701633709,0.3302401369599206,0,Hold,0.0561584509613927,-0.1285713095718232,0
2024-02-22,1,0,0,0.34,0.3637513104190105,0.31198801704098,0.3637513104190105,0.3242606725400094,0,Hold,0.0448462743803382,0.9357837733815932,0
2024-02-23,-1,0,0,0.34,0.3578588531732097,0.3190195727753398,0.3578588531732097,0.3231215740514505,0,Hold,-0.0186918508046973,-0.495436854061293,0
2024-02-26,0,0,0,0.34,0.3505958638381701,0.3301419527642836,0.3505958638381701,0.3192621833975462,0,Hold,0.062961172950905,0.2711363076164597,0
2024-02-27,0,0,0,0.34,0.3431259735427543,0.3322218873956849,0.3431259735427543,0.3246521390615608,0,Hold,-0.0535580006540374,-0.0491642084562427,0
2024-02-28,1,0,0,0.34,0.3531074194070913,0.3148914420621328,0.3531074194070913,0.3320011385307759,0,Hold,0.0628572508173594,0.6246901707759545,0
2024-02-29,1,1,1,0.34,0.3412080198997942,0.3236238463063322,0.3351681337938736,0.3412080198997942,1,Buy,-0.0634102241472629,2.0139782057614797,0
2024-03-01,1,0,0,0.34,0.3649225728211665,0.315684592977444,0.3649225728211665,0.3193928342013894,0,Hold,-0.0247567145463172,1.4758757137097955,0
2024-03-04,1,0,0,0.34,0.3596425550768667,0.3111169932270723,0.3596425550768667,0.3292404516960608,0,Hold,-0.0112290322186481,0.746094781717388,0
2024-03-05,1,0,0,0.34,0.341371419830777,0.3197448778935581,0.341371419830777,0.3388837022756648,0,Hold,0.0957321813961415,0.7874407700082076,0
2024-03-06,1,-1,-1,0.34,0.3540292194041549,0.3540292194041549,0.3316666742052332,0.3143041063906118,1,Sell,0.0433374884963236,0.3580872900073251,0
2024-03-07,1,0,0,0.34,0.3649225728211665,0.315684592977444,0.3649225728211665,0.3193928342013894,0,Hold,0.006502813245902,0.9545921064064044,0
2024-03-08,0,0,0,0.34,0.3669204675065364,0.311585272499625,0.3669204675065364,0.3214942599938386,0,Hold,0.0769761663785679,0.1790095551701176,0
2024-03-11,-1,1,1,0.34,0.359077576279419,0.3070132480670184,0.3339091756535625,0.359077576279419,1,Buy,0.0625072519536739,-1.0126047036082442,1
2024-03-12,1,0,0,0.34,0.3383262321648128,0.3347759783639724,0.3383262321648128,0.3268977894712147,0,Hold,-0.0108628077322844,0.6943158988170106,0
2024-03-13,-1,1,1,0.34,0.3474414204978417,0.3194754776801136,0.3330831018220446,0.3474414204978417,1,Buy,0.0567269477643011,-0.5700056495539285,1
2024-03-14,0,0,0,0.34,0.3572142276384171,0.3332383296602495,0.3572142276384171,0.3095474427013333,0,Hold,0.1073979814957102,-0.2635206274560819,0
2024-03-15,0,0,0,0.34,0.3456109423325295,0.3237158184172898,0.3456109423325295,0.3306732392501805,0,Hold,0.0854899147017345,0.15759988257531,0
2024-03-18,0,0,0,0.34,0.3471975850158891,0.325201944207501,0.3471975850158891,0.3276004707766099,0,Hold,0.1186826269475666,-0.2036331949451741,0
2024-03-19,0,0,0,0.34,0.3634332879821284,0.3083103096654442,0.3634332879821284,0.3282564023524275,0,Hold,0.0612543298288885,0.0741943829428715,0
2024-03-20,1,-1,-1,0.34,0.3464404275991408,0.3464404275991408,0.3392384258527771,0.314321146548082,1,Sell,0.0626189572518115,1.1353631358614005,0
2024-03-21,-1,1,1,0.34,0.3609080866904206,0.312882552922439,0.3262093603871404,0.3609080866904206,1,Buy,0.0694385681678066,-1.11344417956597,1
2024-03-22,1,-1,-1,0.34,0.3508430972595894,0.3508430972595894,0.3232562668296318,0.3259006359107789,1,Sell,0.0712260648057887,0.7738265333480765,0
2024-03-25,0,0,0,0.34,0.3456109423325295,0.3237158184172898,0.3456109423325295,0.3306732392501805,0,Hold,0.0958889789567403,0.0367872360751642,0
2024-03-26,1,0,0,0.34,0.341371419830777,0.3197448778935581,0.341371419830777,0.3388837022756648,0,Hold,0.0849902338226858,0.6894649442312106,0
2024-03-27,1,1,1,0.34,0.3441703064102456,0.3171880439457314,0.338641649644023,0.3441703064102456,1,Buy,0.0303053019275253,1.2234001411838502,1
2024-03-28,1,0,0,0.34,0.3647945742903661,0.3155738649296144,0.3647945742903661,0.3196315607800193,0,Hold,0.0132434106742749,0.8613736131250604,0
2024-04-01,1,0,0,0.34,0.3659176285759517,0.3107336714876048,0.3659176285759517,0.3233486999364435,0,Hold,-0.0474767915019854,1.095461658841934,0
2024-04-02,1,1,1,0.34,0.359077576279419,0.3070132480670184,0.3339091756535625,0.359077576279419,1,Buy,-0.065563315390795,1.4772181487726632,0
2024-04-03,0,0,0,0.34,0.34338726074011,0.3157278863580475,0.34338726074011,0.3408848529018424,0,Hold,-0.0601116340779585,-0.2440661503648411,0
2024-04-04,1,0,0,0.34,0.3647945742903661,0.3155738649296144,0.3647945742903661,0.3196315607800193,0,Hold,-0.012378146051693,1.6121942308871873,0
2024-04-05,0,-1,-1,0.34,0.3545106180393344,0.3545106180393344,0.3321176649018928,0.3133717170587728,1,Sell,0.0062403893711163,0.2579868480874658,0
2024-04-08,1,0,0,0.34,0.3594632079090476,0.3109618448698826,0.3594632079090476,0.3295749472210697,0,Hold,-0.0377087374543086,0.5060706383852809,0
2024-04-09,-1,1,0,0.34,0.3398911382991154,0.3211813992703649,0.3389274624305197,0.3398911382991154,0,Hold,-0.0277281386614581,-0.593125766748448,0
2024-04-10,1,0,0,0.34,0.3518280951528019,0.2987366899693965,0.3518280951528019,0.3494352148778015,0,Hold,-0.040138262613446,1.0817286278974605,0
2024-04-11,0,-1,-1,0.34,0.3545106180393344,0.3545106180393344,0.3321176649018928,0.3133717170587728,1,Sell,-0.0236287470157844,0.0594488837575291,-1
2024-04-12,1,0,0,0.34,0.3498617926321998,0.3026559216428081,0.3498617926321998,0.3474822857249919,0,Hold,-0.0392052941188351,0.4074398546471069,0
2024-04-15,1,-1,-1,0.34,0.3529606127721029,0.3529606127721029,0.3306655669850923,0.3163738202428047,1,Sell,-0.0251321979471799,1.0567249760766284,-1
2024-04-16,-1,1,1,0.34,0.3421710181937104,0.3396413528224783,0.3181876289838113,0.3421710181937104,1,Buy,-0.024170532572997,-0.7988998354593546,0
2024-04-17,1,0,0,0.34,0.3368173670620647,0.3293257224296742,0.3368173670620647,0.3338569105082611,0,Hold,-0.0193728450647136,0.4469409231556698,0
2024-04-18,1,0,0,0.34,0.3439421181046606,0.325933490218468,0.3439421181046606,0.3301243916768713,0,Hold,-0.039677202329505,0.6758113245871167,0
2024-04-19,0,0,0,0.34,0.3465796444058535,0.3246231513343329,0.3465796444058535,0.3287972042598135,0,Hold,0.0002888536126991,0.0,0
2024-04-22,0,1,1,0.34,0.3510807265656969,0.32929966201289,0.319619611421413,0.3510807265656969,1,Buy,0.0896776549506545,-0.1929508658868983,1
2024-04-23,0,0,0,0.34,0.3523104184951202,0.3065352588736856,0.3523104184951202,0.3411543226311942,0,Hold,0.0417192865954925,-0.137472665678584,0
2024-04-24,0,1,0,0.34,0.3366274634636,0.3351701223659112,0.3282024141704887,0.3366274634636,0,Hold,0.0361316587242721,0.228008123386747,0
2024-04-25,0,0,0,0.34,0.345283049412532,0.326648331390592,0.345283049412532,0.3280686191968759,0,Hold,0.0384438077461009,0.2146106916992796,0
2024-04-26,1,0,0,0.34,0.3489644215878571,0.3301310221289403,0.3489644215878571,0.3209045562832024,0,Hold,0.0273137650928314,0.4539940591891556,0
2024-04-29,0,-1,-1,0.34,0.3443640655258284,0.3443640655258284,0.3208961183405511,0.3347398161336203,1,Sell,0.0097072069113655,0.0,0
2024-04-30,1,0,0,0.34,0.3587994514503501,0.3046560577902705,0.3587994514503501,0.3365444907593794,0,Hold,0.0328952737881021,0.3709522720720226,0
2024-05-01,0,-1,-1,0.34,0.3454144627598035,0.3454144627598035,0.3235960757102041,0.3309894615299922,1,Sell,0.0238696067027765,-0.0304339841556422,0
2024-05-02,0,-1,0,0.34,0.3361693928767083,0.3361693928767083,0.3335904701633709,0.3302401369599206,0,Hold,0.0165036542798457,-0.0086965542850259,0
2024-05-03,1,0,0,0.34,0.3420075217238874,0.3184854798598327,0.3420075217238874,0.3395069984162798,0,Hold,-0.0028326618146579,0.9830403504240914,0
2024-05-06,0,0,0,0.34,0.3387313831925361,0.3314662012462609,0.3387313831925361,0.3298024155612029,0,Hold,0.0312960116940314,-0.2756782484130804,0
2024-05-07,0,0,0,0.34,0.3495053303416572,0.3211890443537549,0.3495053303416572,0.3293056253045878,0,Hold,0.0676579140225452,-0.0691021747307507,0
2024-05-08,1,1,1,0.34,0.3429218953048271,0.3304158176406235,0.3266622870545492,0.3429218953048271,1,Buy,0.0368436090863554,0.7996196066356154,1
2024-05-09,1,0,0,0.34,0.357345660853149,0.3283941655515974,0.357345660853149,0.3142601735952534,0,Hold,-0.0070079408977138,1.509367081080737,0
2024-05-10,-1,0,0,0.34,0.3422813413455579,0.3299222440301445,0.3422813413455579,0.3277964146242976,0,Hold,-0.0017781246699996,-1.317955076599597,0
2024-05-13,1,1,0,0.34,0.3397424082717035,0.3264525175757506,0.3338050741525458,0.3397424082717035,0,Hold,-0.0271302381096457,0.7405420985537647,0
2024-05-14,1,1,1,0.34,0.3607601292219945,0.3013879996810745,0.3378518710969309,0.3607601292219945,1,Buy,0.0892769786243265,1.4999596453186603,1
2024-05-15,-1,0,0,0.34,0.3373705485301281,0.328198789629767,0.3373705485301281,0.3344306618401046,0,Hold,0.1331751219329147,-0.3642128082100404,0
2024-05-16,1,0,0,0.34,0.3674753913751867,0.3099532027379457,0.3674753913751867,0.3225714058868676,0,Hold,0.0371023810003629,1.3529391248686906,0
2024-05-17,1,0,0,0.34,0.3448588742025486,0.3410533955877278,0.3448588742025486,0.3140877302097236,0,Hold,0.1062855572203644,0.8995917258572517,0
2024-05-20,-1,0,0,0.34,0.3388538639052783,0.3384776968097969,0.3388538639052783,0.3226684392849248,0,Hold,0.1048059740548757,-0.5012511467758718,0
2024-05-21,-1,1,1,0.34,0.3458534554250648,0.3288283227189568,0.3253182218559783,0.3458534554250648,1,Buy,0.0671469757760359,-1.3420324835978548,1
2024-05-22,0,1,1,0.34,0.3424248902948363,0.3333127495900125,0.3242623601151512,0.3424248902948363,1,Buy,0.1203638882460566,0.0,1
2024-05-23,0,0,0,0.34,0.3433891808031759,0.3157240602242254,0.3433891808031759,0.3408867589725987,0,Hold,0.074346161367126,-0.1070663811563177,0
2024-05-24,1,-1,0,0.34,0.3371842934904616,0.3371842934904616,0.3367393684158185,0.3260763380937198,0,Hold,0.107156080665884,0.9732026225884204,0
2024-05-28,-1,0,0,0.34,0.3624707990052186,0.3153755165169926,0.3624707990052186,0.3221536844777888,0,Hold,0.0569274865655129,-0.6326385297492965,0
2024-05-29,0,0,0,0.34,0.36038143699672,0.3077953087361926,0.36038143699672,0.3318232542670873,0,Hold,0.0301896514531668,0.1110906063915617,0
2024-05-30,-1,0,0,0.34,0.341546553581062,0.3199089165808848,0.341546553581062,0.3385445298380531,0,Hold,0.0125221976351887,-0.8536429567474357,0
2024-05-31,1,1,1,0.34,0.3461882482439812,0.3131845759386617,0.3406271758173571,0.3461882482439812,1,Buy,0.0352892081717092,1.0202848296901212,1
2024-06-03,-1,1,0,0.34,0.3398911382991154,0.3211813992703649,0.3389274624305197,0.3398911382991154,0,Hold,0.0513104314508039,-0.8991773961538829,0
2024-06-04,1,0,0,0.34,0.3501012812279899,0.3355971850509542,0.3501012812279899,0.3143015337210559,0,Hold,0.0778378412396081,1.2298472438722952,0
2024-06-05,1,0,0,0.34,0.3566671105660008,0.3085430171036496,0.3566671105660008,0.3347898723303495,0,Hold,0.0922338174762604,0.6881589779467623,0
2024-06-06,0,0,0,0.34,0.3525725882103021,0.3143070388388724,0.3525725882103021,0.3331203729508256,0,Hold,0.0930345386971983,0.0,0
2024-06-07,0,-1,0,0.34,0.3364434248864332,0.3364434248864332,0.3304267741680982,0.3331298009454685,0,Hold,0.0509083692768682,0.1084504621271076,0
2024-06-10,0,0,0,0.34,0.3408441250701424,0.3192509882793174,0.3408441250701424,0.3399048866505401,0,Hold,0.0388609759793836,-0.0086645220828462,0
2024-06-11,1,0,0,0.34,0.3566671105660008,0.3085430171036496,0.3566671105660008,0.3347898723303495,0,Hold,0.0162839726904306,1.2351029252437806,0
2024-06-12,-1,0,0,0.34,0.3601555590662145,0.3246238617455636,0.3601555590662145,0.3152205791882218,0,Hold,0.0475246602811573,-1.5325363368204226,0
2024-06-13,1,0,0,0.34,0.3596550497976639,0.3071746577408601,0.3596550497976639,0.3331702924614759,0,Hold,0.0481080970572963,1.3564016969907169,0
2024-06-14,-1,0,0,0.34,0.3590653003548081,0.3236411641742249,0.3590653003548081,0.3172935354709669,0,Hold,0.0362853372991153,-0.8149610017955,0
2024-06-17,1,0,0,0.34,0.3571521130298019,0.3012728340115744,0.3571521130298019,0.3415750529586236,0,Hold,0.0675320764246941,0.778412072313106,0
2024-06-18,1,0,0,0.34,0.3574770250220271,0.3200724334765953,0.3574770250220271,0.3224505415013776,0,Hold,0.1035503887848515,1.0041257923518063,0
2024-06-20,-1,0,0,0.34,0.3436022694940188,0.3328420019439477,0.3436022694940188,0.3235557285620334,0,Hold,0.1035801352893178,-1.5889262345370136,0
2024-06-21,1,0,0,0.34,0.3632485781832735,0.3064154588686922,0.3632485781832735,0.3303359629480343,0,Hold,0.0575088304707944,0.5871221822488115,0
2024-06-24,-1,0,0,0.34,0.3368554598684605,0.3287438881127389,0.3368554598684605,0.3344006520188006,0,Hold,0.0376987642660203,-0.5751031048819688,0
2024-06-25,-1,1,1,0.34,0.3461883388642821,0.3131843961537595,0.3406272649819584,0.3461883388642821,1,Buy,0.0543004733723187,-0.7511070426863498,1
2024-06-26,1,0,0,0.34,0.3655042847575409,0.3043687689050407,0.3655042847575409,0.3301269463374183,0,Hold,0.0591407103977398,1.1003848888927692,0
2024-06-27,0,1,1,0.34,0.3404763163311277,0.3261974056070134,0.3333262780618588,0.3404763163311277,1,Buy,0.0837075220518416,0.1376619131802536,1
2024-06-28,0,0,0,0.34,0.3590653003548081,0.3236411641742249,0.3590653003548081,0.3172935354709669,0,Hold,0.0560183880310092,-0.0042897932602814,0
2024-07-01,0,0,0,0.34,0.3425272168758173,0.3342790676575717,0.3425272168758173,0.3231937154666109,0,Hold,0.0456878068525039,-0.1976326457831856,0
2024-07-02,1,0,0,0.34,0.3601555590662145,0.3246238617455636,0.3601555590662145,0.3152205791882218,0,Hold,0.0580997949269993,1.5841605177841167,0
2024-07-03,1,0,0,0.34,0.3601555590662145,0.3246238617455636,0.3601555590662145,0.3152205791882218,0,Hold,-0.0415409443031621,1.2162026687865923,0
2024-07-05,-1,0,0,0.34,0.3601555590662145,0.3246238617455636,0.3601555590662145,0.3152205791882218,0,Hold,0.0192809551897202,-1.3941824922807156,0
2024-07-08,0,0,0,0.34,0.3561353986292507,0.3178348313826278,0.3561353986292507,0.3260297699881214,0,Hold,-0.0739612691493636,0.2080564956676855,0
2024-07-09,1,0,0,0.34,0.3548368553920994,0.3198298829141716,0.3548368553920994,0.325333261693729,0,Hold,-0.0680079015781053,0.5126839123324123,0
2024-07-10,1,0,0,0.34,0.3601555590662145,0.3246238617455636,0.3601555590662145,0.3152205791882218,0,Hold,-0.0300159155231414,1.804234453633713,0
2024-07-11,0,0,0,0.34,0.3605982708405212,0.322867087887022,0.3605982708405212,0.3165346412724568,0,Hold,0.0994702071067505,-0.0414078674948248,0
2024-07-12,0,0,0,0.34,0.3403854421861145,0.337048106146575,0.3403854421861145,0.3225664516673104,0,Hold,0.0091446904598338,0.3686786389291541,0
2024-07-15,1,0,0,0.34,0.360646718058032,0.3250665646961115,0.360646718058032,0.3142867172458564,0,Hold,-0.0105143239306731,1.6302778320222977,0
2024-07-16,0,0,0,0.34,0.3521119946062753,0.3173738474352061,0.3521119946062753,0.3305141579585187,0,Hold,0.1329025769406532,-0.3086360387031917,0
2024-07-17,0,0,0,0.34,0.3590653003548081,0.3236411641742249,0.3590653003548081,0.3172935354709669,0,Hold,0.0521904951021017,-0.1222095462085404,0
2024-07-18,0,1,1,0.34,0.3507911564951936,0.3230052773965111,0.3262035661082953,0.3507911564951936,1,Buy,0.0740243097943809,0.0,1
2024-07-19,0,1,1,0.34,0.3590796207980182,0.3070093023338483,0.3339110768681333,0.3590796207980182,1,Buy,0.1020676682302909,-0.1461072844917588,1
2024-07-22,1,1,1,0.34,0.3453642092920424,0.3233289151917407,0.3313068755162168,0.3453642092920424,1,Buy,0.1061875800469828,0.5267599354619623,1
2024-07-23,0,0,0,0.34,0.3488226544020462,0.3299969060326829,0.3488226544020462,0.3211804395652708,0,Hold,0.0699871512474126,0.3618044921629426,0
2024-07-24,0,-1,-1,0.34,0.3422613062826978,0.3422613062826978,0.3361333828808506,0.3216053108364515,1,Sell,0.1038156566688586,0.0,0
2024-07-25,1,1,1,0.34,0.3594264278018314,0.2950797865982071,0.3454937855999613,0.3594264278018314,1,Buy,0.0659424357815065,1.1947828914082192,1
2024-07-26,0,1,0,0.34,0.3396532503601642,0.3261495953048031,0.3341971543350328,0.3396532503601642,0,Hold,0.0386438555177289,-0.1134433265493672,0
2024-07-29,1,0,0,0.34,0.3645469772776151,0.3222214922364425,0.3645469772776151,0.3132315304859423,0,Hold,0.0378075727179299,1.1651853196036122,0
2024-07-30,1,0,0,0.34,0.3373942049299192,0.3331339570050615,0.3373942049299192,0.3294718380650194,0,Hold,0.0873229426424446,0.8939708939708968,0
2024-07-31,0,0,0,0.34,0.3371684589015628,0.3290493500433775,0.3371684589015628,0.3337821910550597,0,Hold,0.0968178582945418,0.3502987842571636,0
2024-08-01,0,0,0,0.34,0.3625724116402375,0.3295347976742024,0.3625724116402375,0.3078927906855599,0,Hold,0.0478796240647796,-0.381932190066736,0
2024-08-02,-1,0,0,0.34,0.3381779399132068,0.326779948329966,0.3381779399132068,0.335042111756827,0,Hold,0.0361050647730816,-0.9894051400877292,0
2024-08-05,-1,1,1,0.34,0.3522202121463599,0.3202473312047872,0.3275324566488528,0.3522202121463599,1,Buy,0.0755436178829293,-0.5246222996955541,1
2024-08-06,0,-1,-1,0.34,0.3463690633357846,0.3463690633357846,0.3272663799584087,0.3263645567058066,1,Sell,0.0760219445139241,0.0585953826347962,0
2024-08-07,1,0,0,0.34,0.3498005716037212,0.3410928119556585,0.3498005716037212,0.3091066164406203,0,Hold,0.0327411161574136,1.326080366947302,0
2024-08-08,0,1,1,0.34,0.3408934623355725,0.3401097079412244,0.318996829723203,0.3408934623355725,1,Buy,0.0971516668242862,0.4087254018639186,1
2024-08-09,1,1,1,0.34,0.3520408319588178,0.3188609791313428,0.3290981889098394,0.3520408319588178,1,Buy,0.0100278211662686,1.2458288504120008,1
2024-08-12,0,0,0,0.34,0.3512174753979367,0.3289542847153627,0.3512174753979367,0.3198282398867004,0,Hold,0.1042294281272906,0.1746283706408613,0
2024-08-13,-1,0,0,0.34,0.3522924503958026,0.3299611185328123,0.3522924503958026,0.317746431071385,0,Hold,0.0633478442134105,-1.1067438021862053,0
2024-08-14,1,0,0,0.34,0.3463818297430992,0.3185622816366182,0.3463818297430992,0.3350558886202824,0,Hold,0.0505624324401601,0.5616215405820579,0
2024-08-15,1,1,1,0.34,0.3484247872166419,0.3127402525200026,0.3388349602633555,0.3484247872166419,1,Buy,0.0017369878454914,1.8547958986048665,1
2024-08-16,0,1,1,0.34,0.3487120097823766,0.3158458984867818,0.3354420917308415,0.3487120097823766,1,Buy,0.0513589176860833,0.1280697609383985,1
2024-08-19,0,-1,0,0.34,0.3383724835469438,0.3383724835469438,0.3357810970389137,0.3258464194141425,0,Hold,0.031141382261086,0.3797265894390778,0
2024-08-20,0,0,0,0.34,0.3370990156165103,0.3280946724944644,0.3370990156165103,0.3348063118890252,0,Hold,0.0494111144503819,-0.1154838700269333,0
2024-08-21,-1,1,1,0.34,0.3670654920010505,0.3031943251103123,0.329740182888637,0.3670654920010505,1,Buy,0.013069783900357,-1.1760485229024398,1
2024-08-22,1,0,0,0.34,0.3588465939197722,0.3240531338901576,0.3588465939197722,0.31710027219007,0,Hold,0.0864827908634417,1.1900440179980043,0
2024-08-23,0,0,0,0.34,0.3427691498050619,0.3324054766903188,0.3427691498050619,0.3248253735046192,0,Hold,0.1112065532913978,0.3707562266860087,0
2024-08-26,0,0,0,0.34,0.3659122794868646,0.3107437473809425,0.3659122794868646,0.3233439731321929,0,Hold,0.0504556949586652,-0.0675200065473946,0
2024-08-27,-1,1,1,0.34,0.3654266687227458,0.323041903197326,0.3115314280799282,0.3654266687227458,1,Buy,0.00292516544273,-0.59618441971383,1
2024-08-28,1,0,0,0.34,0.3546232681807822,0.3202392982167873,0.3546232681807822,0.3251374336024303,0,Hold,0.0583864412136043,0.9876030056727324,0
2024-08-29,-1,1,1,0.34,0.3425186682463869,0.3370610523118498,0.3204202794417632,0.3425186682463869,1,Buy,0.0293350541821309,-1.2630123514453473,1
2024-08-30,0,1,1,0.34,0.347152220335185,0.320059785624973,0.3327879940398419,0.347152220335185,1,Buy,0.0712162069014555,-0.1563937127279979,1
2024-09-03,0,-1,0,0.34,0.3392497060563352,0.3392497060563352,0.3372341699549004,0.3235161239887644,0,Hold,0.0904207521747225,0.1405678998061432,0
2024-09-04,1,0,0,0.34,0.3466088632039893,0.3147180493196326,0.3466088632039893,0.338673087476378,0,Hold,0.0376219362937845,0.7219058596689809,0
2024-09-05,-1,-1,-1,0.34,0.3524504726061414,0.3524504726061414,0.32755379271752,0.3199957346763386,1,Sell,0.0588928757351277,-0.7127459998324093,0
2024-09-06,0,0,0,0.34,0.3368173670620647,0.3293257224296742,0.3368173670620647,0.3338569105082611,0,Hold,0.0432156726775381,0.3328674083868055,0
2024-09-09,0,-1,-1,0.34,0.3436017411572665,0.3436017411572665,0.3267373067359295,0.329660952106804,1,Sell,0.0114660270807074,0.4196978093800263,0
2024-09-10,0,0,0,0.34,0.3518099545313704,0.3078835200703588,0.3518099545313704,0.3403065253982707,0,Hold,0.0269352905470429,-0.0079588889857484,0
2024-09-11,1,0,0,0.34,0.3527767411495769,0.3304147107645814,0.3527767411495769,0.3168085480858416,0,Hold,0.0622077575728492,1.5564608095077317,0
2024-09-12,1,0,0,0.34,0.3539915311602351,0.3267295699326545,0.3539915311602351,0.3192788989071103,0,Hold,0.0373483310296859,1.1798407899162866,0
2024-09-13,0,0,0,0.34,0.3434072742833362,0.3233457629996784,0.3434072742833362,0.3332469627169856,0,Hold,0.0073653720385496,-0.0348718268836534,0
2024-09-16,-1,0,0,0.34,0.3580962595233017,0.3254665127334359,0.3580962595233017,0.3164372277432623,0,Hold,-0.0096896802867347,-0.6239286205599992,0
2024-09-17,0,0,0,0.34,0.3465419215609263,0.3092730844231286,0.3465419215609263,0.3441849940159451,0,Hold,-0.0292736475719963,0.2495769692269389,0
2024-09-18,1,1,1,0.34,0.3558530095354948,0.3132363658050202,0.3309106246594849,0.3558530095354948,1,Buy,-0.0413484556703062,0.6729703643647111,0
2024-09-19,1,-1,-1,0.34,0.3543533875741999,0.3543533875741999,0.3283693591743347,0.3172772532514654,1,Sell,0.0424105280138125,1.2326082822160078,0
2024-09-20,0,-1,0,0.34,0.3373137454095758,0.3373137454095758,0.3347304671250513,0.3279557874653728,0,Hold,0.0537555908916027,0.2519217490082548,0
2024-09-23,1,-1,0,0.34,0.3388495131943536,0.3388495131943536,0.3362544734099718,0.3248960133956746,0,Hold,-0.0105464606610017,0.9404131418951024,0
2024-09-24,0,1,1,0.34,0.3541198986700065,0.3352309600977008,0.3106491412322927,0.3541198986700065,1,Buy,0.0066414099753476,0.3017501564325231,1
2024-09-25,1,-1,0,0.34,0.3382514003155843,0.3382514003155843,0.3356609411094696,0.3260876585749461,0,Hold,-0.009252149054236,0.4023748258253246,0
2024-09-26,-1,-1,-1,0.34,0.353889317805085,0.353889317805085,0.3358164608336145,0.3102942213613003,1,Sell,-0.0162801782847235,-0.9588319582000904,-1
2024-09-27,0,0,0,0.34,0.3452753040860629,0.3117977047567593,0.3452753040860629,0.3429269911571779,0,Hold,-0.0129642640075837,-0.3100991196331559,0
2024-09-30,1,-1,-1,0.34,0.3422892067174839,0.3422892067174839,0.329309122783641,0.3284016704988751,1,Sell,0.0579375155457268,1.1835647363927837,0
2024-10-01,-1,0,0,0.34,0.3457862993874177,0.3371784690146595,0.3457862993874177,0.3170352315979228,0,Hold,0.0572689574876847,-0.7573182919840549,0
2024-10-02,0,-1,-1,0.34,0.3510175916575819,0.3510175916575819,0.3316585361785903,0.3173238721638277,1,Sell,0.0274604802527169,0.3777718873892999,0
2024-10-03,-1,-1,-1,0.34,0.3469120411872368,0.3469120411872368,0.3337566529252057,0.3193313058875576,1,Sell,0.0638132384066846,-0.4252774985064489,0
2024-10-04,0,1,1,0.34,0.3443476901056788,0.3174741263912,0.338178183503121,0.3443476901056788,1,Buy,0.0847810854927891,-0.037795751059988,1
2024-10-07,-1,0,0,0.34,0.3516603518280298,0.3375896085378895,0.3516603518280298,0.3107500396340806,0,Hold,0.0395302005780542,-1.1267410873396222,0
2024-10-08,0,-1,-1,0.34,0.3525637136050331,0.3525637136050331,0.3331193875832842,0.3143168988116828,1,Sell,0.0552625237313109,-0.3441682600382356,0
2024-10-09,1,0,0,0.34,0.3470985373701439,0.3332103228178625,0.3470985373701439,0.3196911398119935,0,Hold,0.0301077750657131,0.5602493344685433,0
2024-10-10,1,0,0,0.34,0.3561298786447823,0.3352623317583937,0.3561298786447823,0.3086077895968238,0,Hold,0.0245897231803869,1.4118903541632033,0
2024-10-11,0,0,0,0.34,0.3461335933270387,0.3220031594696066,0.3461335933270387,0.3318632472033547,0,Hold,0.0564133788284087,-0.3687555865447112,0
2024-10-14,1,1,1,0.34,0.3592780801689796,0.3251398444801558,0.3155820753508645,0.3592780801689796,1,Buy,0.0637835372569628,0.5136284184919404,1
2024-10-15,1,0,0,0.34,0.3525864669157146,0.3384786676208579,0.3525864669157146,0.3089348654634274,0,Hold,-0.0502201445802672,0.4734387209210489,0
2024-10-16,1,0,0,0.34,0.3540722222261525,0.3098633245990247,0.3540722222261525,0.3360644531748227,0,Hold,-0.0716109114606452,0.6357516828721099,0
2024-10-17,1,0,0,0.34,0.3580962595233017,0.3254665127334359,0.3580962595233017,0.3164372277432623,0,Hold,-0.0603578383991011,0.843550768185608,0
2024-10-18,0,-1,0,0.34,0.3342896407964162,0.3342896407964162,0.3317295222671154,0.3339808369364682,0,Hold,-0.0642668176642721,0.3463959410956896,0
2024-10-21,1,1,1,0.34,0.3542080605720415,0.3241371531527542,0.3216547862752041,0.3542080605720415,1,Buy,-0.0640243406430432,0.7748467834063577,0
2024-10-22,-1,1,1,0.34,0.342838154725632,0.3298439585302488,0.3273178867441192,0.342838154725632,1,Buy,-0.0587332270876157,-1.0859284803718228,0
2024-10-23,1,1,1,0.34,0.3522202121463599,0.3202473312047872,0.3275324566488528,0.3522202121463599,1,Buy,-0.0701300896111104,0.7552313858506743,0
2024-10-24,0,-1,-1,0.34,0.3474172196353908,0.3474172196353908,0.3290603146524574,0.3235224657121518,1,Sell,-0.0443563908959449,0.2193864570640524,-1
2024-10-25,0,0,0,0.34,0.3669150890579125,0.3115953635236254,0.3669150890579125,0.3214895474184622,0,Hold,-0.0436956937791814,0.0729687354977803,0
2024-10-28,1,-1,-1,0.34,0.353889317805085,0.353889317805085,0.3358164608336145,0.3102942213613003,1,Sell,-0.0521399372019493,0.9296730069591864,-1
2024-10-29,1,0,0,0.34,0.3434124009531962,0.3342394192852048,0.3434124009531962,0.3223481797615991,0,Hold,-0.0452813342779629,0.7260547018237196,0
2024-10-30,-1,0,0,0.34,0.3659122794868646,0.3107437473809425,0.3659122794868646,0.3233439731321929,0,Hold,-0.034130203508629,-1.8002492799668257,0
2024-10-31,0,0,0,0.34,0.3421055206583799,0.3305751534024757,0.3421055206583799,0.3273193259391443,0,Hold,0.0997628468070894,0.0109574854024296,0
2024-11-01,0,-1,-1,0.34,0.3422892067174839,0.3422892067174839,0.329309122783641,0.3284016704988751,1,Sell,0.0824656412823921,-0.0912875159151394,0
2024-11-04,0,0,0,0.34,0.3635768487384724,0.3178585567857923,0.3635768487384724,0.3185645944757352,0,Hold,0.0309524078971816,0.1535013713669597,0
2024-11-05,0,0,0,0.34,0.3654151661443279,0.3209518757917035,0.3654151661443279,0.3136329580639685,0,Hold,0.0374667370760572,0.0,0
2024-11-06,1,0,0,0.34,0.3570223460808444,0.3256663986497556,0.3570223460808444,0.3173112552693999,0,Hold,0.0640577507403455,1.154588527514333,0
2024-11-07,-1,1,1,0.34,0.3584147484939335,0.3254621262268909,0.3161231252791754,0.3584147484939335,1,Buy,0.0122697326388574,-0.4039394729551615,1
2024-11-08,0,1,1,0.34,0.3623354038742179,0.3293200000826693,0.3083445960431127,0.3623354038742179,1,Buy,0.004179793252908,0.0,1
2024-11-11,-1,0,0,0.34,0.354815312761253,0.318486473464476,0.354815312761253,0.3266982137742709,0,Hold,0.0442790354391067,-0.4289197066983941,0
2024-11-12,-1,0,0,0.34,0.3528177274351249,0.321831056052637,0.3528177274351249,0.3253512165122382,0,Hold,0.0257250956127691,-0.7384596604567362,0
2024-11-13,-1,0,0,0.34,0.3570223460808444,0.3256663986497556,0.3570223460808444,0.3173112552693999,0,Hold,0.0380565524925278,-0.488224481473154,0
2024-11-14,0,0,0,0.34,0.3550740049786248,0.3063598636416629,0.3550740049786248,0.3385661313797122,0,Hold,-0.0039591149580864,-0.0973444454299254,0
2024-11-15,1,0,0,0.34,0.3429733002632868,0.3311526748455041,0.3429733002632868,0.3258740248912091,0,Hold,0.0125065982371069,1.7500154865679909,0
2024-11-18,1,1,0,0.34,0.3379595812129194,0.3253848237882884,0.336655594998792,0.3379595812129194,0,Hold,0.003583111199184,0.6320385881703361,0
2024-11-19,1,0,0,0.34,0.3626775051955749,0.3079966794590446,0.3626775051955749,0.3293258153453804,0,Hold,0.0418926356451684,0.8031613844653007,0
2024-11-20,1,0,0,0.34,0.3540643015554895,0.3218019469515467,0.3540643015554895,0.3241337514929637,0,Hold,-0.0189066427189995,0.9025053593026078,0
2024-11-21,1,0,0,0.34,0.3354214269691068,0.330081441561679,0.3354214269691068,0.3344971314692141,0,Hold,-0.00860451064331,1.414610355377599,0
2024-11-22,0,1,1,0.34,0.3437883185857319,0.3392499759038689,0.3169617055103992,0.3437883185857319,1,Buy,-0.0176089760360765,0.0,0
2024-11-25,0,1,1,0.34,0.3427003025049375,0.3368182988947509,0.3204813986003114,0.3427003025049375,1,Buy,0.0472531555250695,0.133751143942673,1
2024-11-26,1,-1,-1,0.34,0.342340648648217,0.342340648648217,0.3245706913595303,0.3330886599922526,1,Sell,0.0337771891336864,0.7480003492115639,0
2024-11-27,1,-1,-1,0.34,0.3528499778521654,0.3528499778521654,0.3147598718907277,0.3323901502571068,1,Sell,0.0611103756866361,0.647755531983174,0
2024-11-29,-1,0,0,0.34,0.3469436390740472,0.3257302666587562,0.3469436390740472,0.3273260942671965,0,Hold,-0.0382050688439857,-0.8317688240967236,0
2024-12-02,1,1,1,0.34,0.3512082286615687,0.2988510631747739,0.3499407081636573,0.3512082286615687,1,Buy,0.0347915968286256,0.3719324904679633,1
2024-12-03,0,1,1,0.34,0.3440269207852902,0.3351987443112729,0.320774334903437,0.3440269207852902,1,Buy,0.0268509563297435,0.3440880940848378,1
2024-12-04,-1,0,0,0.34,0.3396509355979042,0.3262584254271332,0.3396509355979042,0.3340906389749625,0,Hold,0.0462792922512669,-1.0249435025779796,0
2024-12-05,1,-1,-1,0.34,0.3407060277897249,0.3407060277897249,0.3267411415300305,0.3325528306802446,1,Sell,0.0425814121596534,0.4568643704349062,0
2024-12-06,1,0,0,0.34,0.3402252402978285,0.3195507346408487,0.3402252402978285,0.3402240250613227,0,Hold,0.0293501969695941,0.9967332568076914,0
2024-12-09,1,0,0,0.34,0.3594632079090476,0.3109618448698826,0.3594632079090476,0.3295749472210697,0,Hold,-0.0661119409851977,1.2270703032313035,0
2024-12-10,1,0,0,0.34,0.3456109423325295,0.3237158184172898,0.3456109423325295,0.3306732392501805,0,Hold,-0.0240882469474495,1.3419317119437668,0
2024-12-11,-1,0,0,0.34,0.3408441250701424,0.3192509882793174,0.3408441250701424,0.3399048866505401,0,Hold,0.037347730318744,-1.6936150413770057,0
2024-12-12,-1,0,0,0.34,0.3447337752313855,0.3306450050974422,0.3447337752313855,0.3246212196711722,0,Hold,-0.0561579218476471,-1.1720930232558158,0
2024-12-13,0,0,0,0.34,0.3627236212584542,0.3215673928133317,0.3627236212584542,0.315708985928214,0,Hold,0.0555932447441727,-0.1731964479009806,0
2024-12-16,0,0,0,0.34,0.3396087228696958,0.3289735174451301,0.3396087228696958,0.331417759685174,0,Hold,0.0958541622006049,-0.2640114753648559,0
2024-12-17,0,0,0,0.34,0.3550116146880255,0.3199874010645691,0.3550116146880255,0.3250009842474053,0,Hold,0.0917101278332443,-0.2987408348014364,0
2024-12-18,-1,0,0,0.34,0.3577403883441622,0.3243101809489311,0.3577403883441622,0.3179494307069067,0,Hold,0.0446600551513145,-1.6802597696994104,0
2024-12-19,1,0,0,0.34,0.3527025974978205,0.3012366981407779,0.3527025974978205,0.3460607043614014,0,Hold,0.0056154183374377,1.408070391464178,0
2024-12-20,-1,1,1,0.34,0.34175253271293,0.3251127459674534,0.3331347213196166,0.34175253271293,1,Buy,0.0256623835191276,-0.6238788240719106,1
2024-12-23,0,0,0,0.34,0.3655042847575409,0.3043687689050407,0.3655042847575409,0.3301269463374183,0,Hold,0.0498156915849699,0.2947575327470142,0
2024-12-24,1,1,1,0.34,0.3538193938111951,0.3195979803481676,0.3265826258406372,0.3538193938111951,1,Buy,-0.0010449715544065,0.7175591155772931,0
2024-12-26,-1,0,0,0.34,0.3385198828251374,0.3279187755752315,0.3385198828251374,0.3335613415996309,0,Hold,0.0353029485230744,-0.8185575737669981,0
2024-12-27,-1,0,0,0.34,0.3589747133117454,0.3141330937748863,0.3589747133117454,0.3268921929133681,0,Hold,0.0212910253826562,-0.4241117882741396,0
2024-12-30,1,0,0,0.34,0.3476793767472509,0.3196683497061534,0.3476793767472509,0.3326522735465958,0,Hold,0.0488295872635487,0.8863762959987476,0
2024-12-31,1,-1,-1,0.34,0.3539070195526786,0.3539070195526786,0.3315521932073208,0.3145407872400006,1,Sell,0.0328451828862307,1.1296193413755873,0
2025-01-02,-1,0,0,0.34,0.3409828779745157,0.3327719168600876,0.3409828779745157,0.3262452051653967,0,Hold,-0.0284913570722165,-0.5227689215189235,0
2025-01-03,0,1,1,0.34,0.3441860467339688,0.3241989050446195,0.3316150482214116,0.3441860467339688,1,Buy,-0.0111252189693327,-0.2495311023156921,0
2025-01-06,1,1,1,0.34,0.3430782921558942,0.3263739547420388,0.3305477531020669,0.3430782921558942,1,Buy,0.0508496268168038,0.6936040594857751,1
2025-01-07,0,0,0,0.34,0.3600308822327453,0.3245114850957184,0.3600308822327453,0.3154576326715362,0,Hold,-0.050850869504939,0.2935991633034929,0
2025-01-08,1,-1,-1,0.34,0.3489872666035671,0.3489872666035671,0.3269432004770331,0.3240695329193997,1,Sell,-0.0775751267293863,0.7243403575952323,-1
2025-01-09,1,0,0,0.34,0.3590653003548081,0.3236411641742249,0.3590653003548081,0.3172935354709669,0,Hold,-0.0615831179807393,0.9203349997202626,0
2025-01-10,-1,-1,-1,0.34,0.3431942411644856,0.3431942411644856,0.3370496142866989,0.3197561445488154,1,Sell,-0.0509723894041233,-1.2922281705741168,-1
2025-01-13,0,0,0,0.34,0.3428557294122113,0.3152333228213763,0.3428557294122113,0.3419109477664123,0,Hold,0.0986535848007584,0.1496166074434368,0
2025-01-14,1,0,0,0.34,0.3600308822327453,0.3245114850957184,0.3600308822327453,0.3154576326715362,0,Hold,0.0847677359201057,1.3071895424836557,0
2025-01-15,1,0,0,0.34,0.344206868435111,0.3197148098811764,0.344206868435111,0.3360783216837126,0,Hold,-0.0396290847612321,1.2497659850230436,0
2025-01-16,0,1,0,0.34,0.3367256887542427,0.3315312360227331,0.3317430752230241,0.3367256887542427,0,Hold,-0.002014990925342,-0.0764584033750126,0
2025-01-17,0,1,1,0.34,0.3443303684714603,0.3435409832897076,0.3121286482388319,0.3443303684714603,1,Buy,-0.0120701181863195,0.3898972773201059,0
2025-01-21,1,-1,-1,0.34,0.3455438234138385,0.3455438234138385,0.3172161860467195,0.3372399905394418,1,Sell,0.0410108717040853,0.4573538169237778,0
2025-01-22,0,0,0,0.34,0.3479748884696627,0.3342541630290004,0.3479748884696627,0.3177709485013368,0,Hold,0.0205810039082258,-0.1625957450937631,0
2025-01-23,1,1,1,0.34,0.3444441006824736,0.3276732626272418,0.3278826366902846,0.3444441006824736,1,Buy,0.0074472003376756,0.5139137443453512,1
2025-01-24,-1,0,0,0.34,0.3615272407823304,0.3070053971115504,0.3615272407823304,0.3314673621061192,0,Hold,0.0289825187579902,-1.4330482169155112,0
2025-01-27,1,1,1,0.34,0.3590796207980182,0.3070093023338483,0.3339110768681333,0.3590796207980182,1,Buy,0.0415440128157946,1.0703214183789944,1
2025-01-28,0,-1,-1,0.34,0.3483001627286053,0.3483001627286053,0.3262994980803054,0.3254003391910891,1,Sell,0.01855274571837,0.0831302872464245,0
2025-01-29,1,0,0,0.34,0.3600308822327453,0.3245114850957184,0.3600308822327453,0.3154576326715362,0,Hold,0.0537048116544452,1.9464772107505413,0
2025-01-30,0,0,0,0.34,0.3525401557907792,0.3156521333230291,0.3525401557907792,0.3318077108861917,0,Hold,0.0607510844548121,-0.3719447396386854,0
2025-01-31,1,0,0,0.34,0.3450691792811566,0.3149161148613383,0.3450691792811566,0.340014705857505,0,Hold,-0.0366973498119718,0.7608854166666568,0
2025-02-03,1,0,0,0.34,0.3409828779745157,0.3327719168600876,0.3409828779745157,0.3262452051653967,0,Hold,0.0089123968386496,0.6845741611526401,0
2025-02-04,1,1,1,0.34,0.3462828668806071,0.316166316918333,0.3375508162010598,0.3462828668806071,1,Buy,0.1015580802822846,0.6413643330515084,1
2025-02-05,-1,1,1,0.34,0.367830002930973,0.3094937652076267,0.3226762318614001,0.367830002930973,1,Buy,0.0986484114351472,-0.5432545314712378,1
2025-02-06,0,0,0,0.34,0.3439196865707777,0.3237780128471834,0.3439196865707777,0.3323023005820388,0,Hold,0.0068317945714905,0.3956599729735721,0
2025-02-07,1,1,1,0.34,0.3402309659069426,0.3210160533510397,0.3387529807420177,0.3402309659069426,1,Buy,0.0187697885993184,1.6391727129920983,1
2025-02-10,0,1,1,0.34,0.3506241350980403,0.3464075704757006,0.3029682944262591,0.3506241350980403,1,Buy,0.1065535198920567,-0.0617660775474648,1
2025-02-11,0,-1,-1,0.34,0.3623601126252543,0.3623601126252543,0.3160095397011388,0.3216303476736068,1,Sell,0.0116230860395519,-0.1201716738197467,0
2025-02-12,1,-1,-1,0.34,0.3549783241968327,0.3549783241968327,0.3095719780541449,0.3354496977490223,1,Sell,-0.0064502865413916,0.5809522978257098,-1
2025-02-13,-1,0,0,0.34,0.3413482248777339,0.3274029411925436,0.3413482248777339,0.3312488339297223,0,Hold,0.0072992859467519,-1.445702385567471,0
2025-02-14,1,-1,-1,0.34,0.3529552772790772,0.3529552772790772,0.3164865716836572,0.3305581510372656,1,Sell,0.040181532635568,1.664585877875835,0
2025-02-18,0,0,0,0.34,0.3363420133712468,0.3282428055478376,0.3363420133712468,0.3354151810809157,0,Hold,0.0580858796894224,-0.4161616491367259,0
2025-02-19,1,0,0,0.34,0.342917226596706,0.3351993950059909,0.342917226596706,0.3218833783973029,0,Hold,0.0705132095451306,0.7056278120620485,0
2025-02-20,0,0,0,0.34,0.3590653003548081,0.3236411641742249,0.3590653003548081,0.3172935354709669,0,Hold,-0.0173473407027985,-0.0816293314200633,0
2025-02-21,0,1,1,0.34,0.3524323573377677,0.3198379104644137,0.3277297321978186,0.3524323573377677,1,Buy,-0.0267401083293168,0.3506197012900891,0
2025-02-24,-1,-1,-1,0.34,0.3529606127721029,0.3529606127721029,0.3306655669850923,0.3163738202428047,1,Sell,-0.0066528959355059,-1.4722312080286182,-1
2025-02-25,0,0,0,0.34,0.3486597250631827,0.320569715588775,0.3486597250631827,0.3307705593480422,0,Hold,0.0405845680859092,0.4234824867662246,0
2025-02-26,-1,0,0,0.34,0.3409828779745157,0.3327719168600876,0.3409828779745157,0.3262452051653967,0,Hold,0.0315337728051424,-1.1519506683274172,0
2025-02-27,-1,0,0,0.34,0.3486597250631827,0.320569715588775,0.3486597250631827,0.3307705593480422,0,Hold,0.0385077651480401,-1.6093196146486743,0
2025-02-28,1,0,0,0.34,0.3518863124123542,0.3109013354427099,0.3518863124123542,0.3372123521449359,0,Hold,0.0643442147279907,1.8823992323959928,0
2025-03-03,1,0,0,0.34,0.3615656495773326,0.3237332449956241,0.3615656495773326,0.3147011054270431,0,Hold,0.0199388200691951,0.6712389043017186,0
2025-03-04,0,0,0,0.34,0.3410014582718116,0.3351545774323222,0.3410014582718116,0.3238439642958662,0,Hold,0.0565828387969844,0.1959015321887802,0
2025-03-05,0,0,0,0.34,0.3514950817647868,0.3442251236235234,0.3514950817647868,0.3042797946116898,0,Hold,0.0126760900067834,0.0445939974050846,0
2025-03-06,0,0,0,0.34,0.3436022694940188,0.3328420019439477,0.3436022694940188,0.3235557285620334,0,Hold,0.0118632429205903,-0.4080143347021669,0
2025-03-07,-1,0,0,0.34,0.3487863271605524,0.3206861179014866,0.3487863271605524,0.3305275549379609,0,Hold,0.0372643258337376,-0.4716477227311499,0
2025-03-10,1,0,0,0.34,0.3617107144812533,0.3071555046633095,0.3617107144812533,0.3311337808554372,0,Hold,0.0280191708254044,0.7575199703822255,0
2025-03-11,1,0,0,0.34,0.3409828779745157,0.3327719168600876,0.3409828779745157,0.3262452051653967,0,Hold,0.0908851120642166,0.8994540214519287,0
2025-03-12,1,0,0,0.34,0.3425272168758173,0.3342790676575717,0.3425272168758173,0.3231937154666109,0,Hold,0.0376016611383719,1.5378840349098422,0
2025-03-13,0,0,0,0.34,0.3560696359210546,0.3307334814976843,0.3560696359210546,0.313196882581261,0,Hold,0.0609424990967814,0.3417870524071498,0
2025-03-14,0,1,1,0.34,0.3494050274287641,0.3275555375222275,0.3230394350490083,0.3494050274287641,1,Buy,-0.0258225047347245,0.183670061779928,0
2025-03-17,1,0,0,0.34,0.33672588395313,0.3365108629103366,0.33672588395313,0.3267632531365334,0,Hold,-0.0382657064227348,1.1700032552083297,0
2025-03-18,0,0,0,0.34,0.3366050510288635,0.3363901071456311,0.3366050510288635,0.3270048418255052,0,Hold,0.0083774703636344,0.0263518388773364,0
2025-03-19,0,1,1,0.34,0.3406986029365898,0.3319389675741998,0.3273624294892103,0.3406986029365898,1,Buy,-0.0157567639998458,0.1350537826719788,0
2025-03-20,-1,0,0,0.34,0.3643005067570293,0.3093604274545364,0.3643005067570293,0.3263390657884342,0,Hold,-0.0226613642032471,-0.7171068693462179,0
2025-03-21,0,0,0,0.34,0.3599693355902829,0.3150034719990568,0.3599693355902829,0.3250271924106602,0,Hold,0.0178215455911455,-0.1689700350583134,0
2025-03-24,0,0,0,0.34,0.3419068612346784,0.3345944752465379,0.3419068612346784,0.3234986635187837,0,Hold,0.154271266512479,0.3517922794489925,0
2025-03-25,0,1,1,0.34,0.3557828989830629,0.3254918054121336,0.3187252956048034,0.3557828989830629,1,Buy,0.1061793888581055,-0.0926033956193284,1
2025-03-26,1,-1,-1,0.34,0.3482711931654651,0.3482711931654651,0.3245369804946961,0.3271918263398388,1,Sell,0.1251453300777083,1.3009384653107636,0
2025-03-27,1,0,0,0.34,0.3431274949656481,0.3397632742523555,0.3431274949656481,0.3171092307819962,0,Hold,-0.0023938593952422,0.8594225621777918,0
2025-03-28,1,1,1,0.34,0.3524323573377677,0.3198379104644137,0.3277297321978186,0.3524323573377677,1,Buy,0.021480434111471,1.1760910036651584,1
2025-03-31,0,1,0,0.34,0.3396532503601642,0.3261495953048031,0.3341971543350328,0.3396532503601642,0,Hold,0.0342562247453259,-0.124892609945959,0
2025-04-01,1,0,0,0.34,0.3521119946062753,0.3173738474352061,0.3521119946062753,0.3305141579585187,0,Hold,0.028452148754253,0.6733143306144385,0
2025-04-02,-1,0,0,0.34,0.3601555590662145,0.3246238617455636,0.3601555590662145,0.3152205791882218,0,Hold,0.0296147481303019,-1.3662824828182485,0
2025-04-03,0,0,0,0.34,0.3518186851806777,0.2987554459138195,0.3518186851806777,0.3494258689055028,0,Hold,-0.0090828307236344,0.0,0
2025-04-04,0,0,0,0.34,0.3816971040109496,0.3083567944500402,0.3816971040109496,0.3099461015390102,0,Hold,0.1020601588633371,0.0,0
2025-04-07,1,0,0,0.34,0.3505058896009242,0.299360530972361,0.3505058896009242,0.3501335794267148,0,Hold,0.0709075111940785,0.579400712659317,0
2025-04-08,0,0,0,0.34,0.3664943716502953,0.3188763124560509,0.3664943716502953,0.3146293158936536,0,Hold,0.0457913651338658,0.0,0
2025-04-09,0,0,0,0.34,0.3599328378883599,0.3310708137024111,0.3599328378883599,0.3089963484092288,0,Hold,0.0218483310984584,0.0,0
2025-04-10,1,-1,-1,0.34,0.3474236537520753,0.3474236537520753,0.3372454025318941,0.3153309437160306,1,Sell,0.0044703710943782,2.123478734687345,0
2025-04-11,-1,0,0,0.34,0.341837439621579,0.3278721697818149,0.341837439621579,0.330290390596606,0,Hold,-0.026661057011776,-0.5400007016144959,0
2025-04-14,1,-1,-1,0.34,0.3548525142729764,0.3548525142729764,0.327417353605013,0.3177301321220104,1,Sell,0.0044656235254311,0.4337213595847489,0
2025-04-15,0,-1,-1,0.34,0.3504700139885358,0.3504700139885358,0.3258711480504671,0.3236588379609971,1,Sell,-0.0106859631555677,0.0,-1
2025-04-16,-1,1,1,0.34,0.3466516709254355,0.3385554670956792,0.3147928619788853,0.3466516709254355,1,Buy,-0.0034209388376595,-0.5380913232397977,0
2025-04-17,0,1,1,0.34,0.3508485710339269,0.3247773780012263,0.3243740509648467,0.3508485710339269,1,Buy,-0.0097292609578704,0.0,0
2025-04-21,0,0,0,0.34,0.3550358251049712,0.3338831914898409,0.3550358251049712,0.3110809834051878,0,Hold,-0.0058597863956562,-0.1585315724607516,0
2025-04-22,0,1,1,0.34,0.3461944149128283,0.3337344944290312,0.3200710906581405,0.3461944149128283,1,Buy,-0.0013496116064778,0.0,0
2025-04-23,1,-1,-1,0.34,0.3490485644961034,0.3490485644961034,0.322062131928499,0.3288893035753974,1,Sell,0.1320790880640097,1.7000869988021303,0
2025-04-24,-1,1,0,0.34,0.3396558988406052,0.3280065598759187,0.3323375412834761,0.3396558988406052,0,Hold,0.015997010518679,-1.48859836903511,0
2025-04-25,1,-1,-1,0.34,0.3500235689388831,0.3500235689388831,0.3138577787982889,0.3361186522628279,1,Sell,0.1030649010287535,1.5263252238240987,0
2025-04-28,0,0,0,0.34,0.3484511123457725,0.3267799910284148,0.3484511123457725,0.3247688966258127,0,Hold,0.1068294593791695,-0.4111013104838745,0
2025-04-29,0,1,0,0.34,0.3360232323362592,0.3291662527412614,0.3348105149224793,0.3360232323362592,0,Hold,0.1091251096756747,-0.4158144095784855,0
2025-04-30,0,0,0,0.34,0.3657075503785961,0.3242127521207149,0.3657075503785961,0.3100796975006891,0,Hold,0.1310587898282131,0.0,0
2025-05-01,1,0,0,0.34,0.3596549574588065,0.3071748356188032,0.3596549574588065,0.3331702069223902,0,Hold,0.0936171073744409,0.6822399484034181,0
2025-05-02,0,1,1,0.34,0.3429314450458158,0.3425764643051936,0.3144920906489905,0.3429314450458158,1,Buy,0.1009628145320272,0.0,1
2025-05-05,0,-1,-1,0.34,0.3477323173292777,0.3477323173292777,0.3210359265042847,0.3312317561664375,1,Sell,0.0576269047784756,0.0,0
2025-05-06,-1,-1,-1,0.34,0.3520616605639953,0.3520616605639953,0.3283978174452381,0.3195405219907665,1,Sell,-0.0195781762458942,-0.8794043752944014,-1
2025-05-07,0,-1,-1,0.34,0.3487226395011497,0.3487226395011497,0.3226951581566663,0.3285822023421839,1,Sell,-0.0014427322920798,0.0,-1
2025-05-08,1,-1,-1,0.34,0.3539668901892601,0.3539668901892601,0.3304652538091361,0.3155678560016037,1,Sell,0.0731779888339352,1.1769642522029056,0
2025-05-09,0,-1,-1,0.34,0.3644037151652313,0.3644037151652313,0.3231745575242182,0.3124217273105506,1,Sell,0.1141070818201924,0.0,0
2025-05-12,1,1,1,0.34,0.3522062218740868,0.2984059041398465,0.3493878739860667,0.3522062218740868,1,Buy,0.0726413992454987,0.6304362990100953,1
2025-05-13,-1,0,0,0.34,0.3592625841484701,0.3103627615222038,0.3592625841484701,0.330374654329326,0,Hold,0.008301623653888,-1.817737419276233,0
2025-05-14,1,0,0,0.34,0.3571025139322313,0.304994584553297,0.3571025139322313,0.3379029015144716,0,Hold,0.0592238000691802,1.2353067842610033,0
2025-05-15,-1,0,0,0.34,0.3450042494128129,0.3290443252960203,0.3450042494128129,0.3259514252911667,0,Hold,0.0384648047647725,-1.201600638326883,0
2025-05-16,1,1,1,0.34,0.3511988316721318,0.2988698232396453,0.3499313450882227,0.3511988316721318,1,Buy,0.0520840438100232,1.473912707220304,1
2025-05-19,1,0,0,0.34,0.3392287272652199,0.3341881795391296,0.3392287272652199,0.3265830931956505,0,Hold,0.0258907981051778,1.5918779782261303,0
2025-05-20,1,0,0,0.34,0.3448588742025486,0.3410533955877278,0.3448588742025486,0.3140877302097236,0,Hold,-0.0108872676018545,0.8840654686561367,0
2025-05-21,-1,0,0,0.34,0.3465748040966585,0.346190065861947,0.3465748040966585,0.3072351300413944,0,Hold,0.0270165484319602,-0.5137037968503289,0
2025-05-22,0,0,0,0.34,0.3574866380103917,0.3169246208773771,0.3574866380103917,0.3255887411122311,0,Hold,0.0239124315690423,0.0,0
2025-05-23,-1,1,1,0.34,0.340163411483338,0.3258976233764879,0.333938965140174,0.340163411483338,1,Buy,-0.0168734218254831,-1.91758824257805,0
2025-05-27,0,0,0,0.34,0.3555425136585983,0.299915069220343,0.3555425136585983,0.3445424171210587,0,Hold,-0.0312320944880647,-0.1667121286773709,0
2025-05-28,1,-1,-1,0.34,0.3663758499181131,0.3663758499181131,0.3195116119471241,0.3141125381347628,1,Sell,-0.0816813724202933,0.7135049581982633,-1
2025-05-29,-1,-1,-1,0.34,0.3553837938992596,0.3553837938992596,0.3099255829062309,0.3346906231945094,1,Sell,-0.032095873994288,-0.8501460457109866,-1
2025-05-30,0,0,0,0.34,0.341471988882335,0.3284176540027069,0.341471988882335,0.3301103571149581,0,Hold,0.0755085698001904,0.0,0
2025-06-02,-1,1,1,0.34,0.3643270009145423,0.3248255116522596,0.3108474874331982,0.3643270009145423,1,Buy,-0.0171887810221141,-0.6052378179944973,0
2025-06-03,1,1,1,0.34,0.3471501863417454,0.320063769450668,0.3327860442075867,0.3471501863417454,1,Buy,-0.0276658377441113,0.6954823344193173,0
2025-06-04,-1,-1,-1,0.34,0.3444382658530173,0.3444382658530173,0.3348356348626322,0.3207260992843504,1,Sell,-0.0248270219503585,-0.67585738337409,-1
2025-06-05,-1,0,0,0.34,0.3377051325372946,0.3302962409464934,0.3377051325372946,0.331998626516212,0,Hold,0.0998505358453153,-0.8356462950437349,0
2025-06-06,0,1,1,0.34,0.3615913991948126,0.3077138868822298,0.3306947139229576,0.3615913991948126,1,Buy,0.0806750429395015,0.2829068715957783,1
2025-06-09,0,1,1,0.34,0.3440269207852902,0.3351987443112729,0.320774334903437,0.3440269207852902,1,Buy,0.0749865539641661,-0.3361302177079861,1
2025-06-10,0,1,1,0.34,0.3455408768151578,0.3318031463412375,0.3226559768436047,0.3455408768151578,1,Buy,0.0544305346185028,0.0120493389184295,1
2025-06-11,1,0,0,0.34,0.3700100419465335,0.3141674368401899,0.3700100419465335,0.3158225212132766,0,Hold,0.0661135808083092,1.7944736289831509,0
2025-06-12,1,1,0,0.34,0.3393991180439975,0.3262751129243216,0.3343257690316807,0.3393991180439975,0,Hold,-0.0498128254624907,1.4877710160320134,0
2025-06-13,-1,0,0,0.34,0.3629902822433395,0.3271789209736479,0.3629902822433395,0.3098307967830126,0,Hold,-0.0090715368661391,-1.0142238669664128,0
2025-06-16,0,0,0,0.34,0.3515583064578204,0.3427866099497956,0.3515583064578204,0.3056550835923839,0,Hold,-0.0386314676768806,-0.2885350656363417,0
2025-06-17,0,0,0,0.34,0.345477776064898,0.3113941378670693,0.345477776064898,0.3431280860680327,0,Hold,-0.0271065132204723,0.0944886044883075,0
2025-06-18,-1,0,0,0.34,0.3419257746507312,0.3336921083260317,0.3419257746507312,0.3243821170232371,0,Hold,-0.0683620747034428,-0.6401543117381503,0
2025-06-20,0,0,0,0.34,0.3516659732297708,0.3233337633134664,0.3516659732297708,0.3250002634567628,0,Hold,0.0662745094838169,0.285022809218316,0
2025-06-23,-1,0,0,0.34,0.3414275947503671,0.334125458868094,0.3414275947503671,0.3244469463815389,0,Hold,0.0610083660537357,-1.7852399472962133,0
2025-06-24,0,0,0,0.34,0.3543064084269768,0.3026064830875535,0.3543064084269768,0.3430871084854696,0,Hold,0.0810163579384144,0.29240355694371,0
2025-06-25,0,0,0,0.34,0.3388448474728361,0.3315979489874814,0.3388448474728361,0.3295572035396824,0,Hold,0.0742212037443773,0.1923567718403962,0
2025-06-26,-1,0,0,0.34,0.3405934677743174,0.318838628555464,0.3405934677743174,0.3405679036702186,0,Hold,0.0403400866538316,-1.7939117692552853,0
2025-06-27,1,0,0,0.34,0.3692618979837022,0.3153796872689451,0.3692618979837022,0.3153584147473526,0,Hold,0.1029623391682984,0.6323105807074736,0
2025-06-30,1,0,0,0.34,0.3605663158749824,0.309181284890292,0.3605663158749824,0.3302523992347254,0,Hold,0.0809553096817428,1.2839986061810915,0
2025-07-01,0,0,0,0.34,0.3629902822433395,0.3271789209736479,0.3629902822433395,0.3098307967830126,0,Hold,0.0896118974529085,0.338659423786547,0
2025-07-02,-1,0,0,0.34,0.3377025377160172,0.3295705680936682,0.3377025377160172,0.3327268941903145,0,Hold,0.0777977814729945,-0.4898417665397225,0
2025-07-03,0,0,0,0.34,0.3532724080196436,0.3467579162168639,0.3532724080196436,0.2999696757634925,0,Hold,0.0460385028099523,0.0270111153011232,0
2025-07-04,0,0,0,0.34,0.351847279054865,0.3171352478012433,0.351847279054865,0.3310174731438917,0,Hold,0.0515835906566312,-0.0090037157726929,0
2025-07-07,-1,1,1,0.34,0.3524323573377677,0.3198379104644137,0.3277297321978186,0.3524323573377677,1,Buy,0.0958981329279249,-0.7562556731630865,1
2025-07-08,0,0,0,0.34,0.3516659732297708,0.3233337633134664,0.3516659732297708,0.3250002634567628,0,Hold,0.0772453676913309,0.1391018341775129,0
2025-07-09,0,0,0,0.34,0.3442819344413526,0.3165087141950093,0.3442819344413526,0.339209351363638,0,Hold,0.0576784338324466,0.1751360223598563,0
2025-07-10,1,1,1,0.34,0.3452698869633331,0.3221636653992767,0.3325664476373901,0.3452698869633331,1,Buy,0.0854795031923379,1.1635648035372317,1
2025-07-11,0,0,0,0.34,0.3629902822433395,0.3271789209736479,0.3629902822433395,0.3098307967830126,0,Hold,-0.0131484450846725,-0.1340882002383803,0
2025-07-14,-1,0,0,0.34,0.3598984561759447,0.3210551282223169,0.3598984561759447,0.3190464156017382,0,Hold,0.1104899255695765,-0.6474698246121124,0
2025-07-15,1,1,0,0.34,0.3359016673195789,0.3289591122420509,0.3351392204383703,0.3359016673195789,0,Hold,0.0654392127083872,0.6817211495886655,0
2025-07-16,0,0,0,0.34,0.3502819726542532,0.3364702783830398,0.3502819726542532,0.3132477489627068,0,Hold,0.0660653260271206,-0.3698703159955241,0
2025-07-17,0,1,1,0.34,0.3711302618074882,0.314433234127794,0.3144365040647177,0.3711302618074882,1,Buy,0.0727392964296762,0.3862130465132507,1
2025-07-18,1,-1,-1,0.34,0.3613382496341588,0.3613382496341588,0.3151183862816462,0.3235433640841951,1,Sell,0.0864191934728284,1.4583925542424714,0
2025-07-21,1,1,1,0.34,0.3400119371713371,0.321884750904631,0.3381033119240319,0.3400119371713371,1,Buy,0.017809398934053,1.0964475704422494,1
2025-07-22,-1,0,0,0.34,0.3629902822433395,0.3271789209736479,0.3629902822433395,0.3098307967830126,0,Hold,0.093252662294344,-1.3113472364483347,0
2025-07-23,-1,-1,0,0.34,0.3361240465711644,0.3361240465711644,0.3322997486068837,0.3315762048219517,0,Hold,-0.0629340803609319,-0.6805956510299027,0
2025-07-24,-1,-1,0,0.34,0.3361240465711644,0.3361240465711644,0.3322997486068837,0.3315762048219517,0,Hold,0.0680505977605991,-1.097597152180363,0
2025-07-25,-1,0,0,0.34,0.3564555959447402,0.300685292545352,0.3564555959447402,0.3428591115099078,0,Hold,0.1113116722786326,-0.7468477007723462,0
2025-07-28,0,0,0,0.34,0.3664312952685676,0.2960244467367989,0.3664312952685676,0.3375442579946334,0,Hold,0.0900238660204915,0.432135754902907,0
2025-07-29,-1,0,0,0.34,0.3598864055823428,0.308598269981153,0.3598864055823428,0.331515324436504,0,Hold,0.0061299198185553,-0.8304704316853595,0
2025-07-30,0,0,0,0.34,0.3536122990406992,0.3020139096596628,0.3536122990406992,0.3443737912996378,0,Hold,0.0483234831956431,-0.0788912439386169,0
2025-07-31,1,1,1,0.34,0.3420585169384492,0.3184126306648074,0.3395288523967434,0.3420585169384492,1,Buy,0.0317996198003818,1.654925325156964,1
2025-08-01,1,1,1,0.34,0.3426232011016614,0.3305688958291977,0.3268079030691409,0.3426232011016614,1,Buy,0.0943886766865063,0.7975610586763882,1
2025-08-04,0,0,0,0.34,0.3442624239622796,0.3165474476895504,0.3442624239622796,0.33919012834817,0,Hold,0.0245838036659497,0.222261741851959,0
2025-08-05,0,0,0,0.34,0.3565473834636237,0.3240587703278861,0.3565473834636237,0.31939384620849,0,Hold,0.0132311719376078,-0.0561785504778922,0
2025-08-06,1,-1,-1,0.34,0.3524628937537623,0.3524628937537623,0.3305831708924537,0.3169539353537841,1,Sell,0.0068708847914277,0.6005931605954196,0
2025-08-07,1,0,0,0.34,0.3408192849883831,0.337165189356391,0.3408192849883831,0.3220155256552258,0,Hold,0.0289019196616786,1.1410772070393316,0
2025-08-08,0,0,0,0.34,0.3600903312060021,0.3151300220105612,0.3600903312060021,0.3247796467834366,0,Hold,0.0199033043019107,0.0,0
2025-08-11,0,0,0,0.34,0.3659299166998105,0.3107105247754624,0.3659299166998105,0.323359558524727,0,Hold,0.0556908031524152,-0.1252630458433379,0
2025-08-12,0,0,0,0.34,0.3621806137658129,0.298912009288284,0.3621806137658129,0.3389073769459031,0,Hold,0.0616127992009893,0.2926348685807545,0
2025-08-13,-1,1,1,0.34,0.3713827850630969,0.3067321557176971,0.3218850592192059,0.3713827850630969,1,Buy,0.0698722231691221,-0.6996754798475169,1
2025-08-14,0,1,0,0.34,0.3386573825402277,0.3254331126859958,0.3359095047737764,0.3386573825402277,0,Hold,0.1083234036709007,0.0239880318972707,0
2025-08-15,0,0,0,0.34,0.353809092726901,0.328215260880033,0.353809092726901,0.317975646393066,0,Hold,0.0966938796821834,-0.1288983461668169,0
2025-08-18,-1,1,1,0.34,0.3476403918637463,0.3124845376567898,0.3398750704794638,0.3476403918637463,1,Buy,0.0348626354925846,-0.549270615491293,1
2025-08-19,1,1,1,0.34,0.350186940857565,0.3271202685196031,0.3226927906228319,0.350186940857565,1,Buy,0.0484412937457095,0.9054144046657164,1
2025-08-20,0,0,0,0.34,0.3476823163470655,0.3196625975594145,0.3476823163470655,0.3326550860935198,0,Hold,0.0755730762943119,-0.1944128788017085,0
2025-08-21,1,0,0,0.34,0.3453081055066083,0.3175089462467951,0.3453081055066083,0.3371829482465965,0,Hold,0.0991811720075827,1.1237975695243652,0
2025-08-22,0,0,0,0.34,0.350019009112022,0.3129828371720698,0.350019009112022,0.3369981537159081,0,Hold,0.0540492719221962,-0.0177765982985134,0
2025-08-25,1,-1,-1,0.34,0.3551921212137365,0.3551921212137365,0.3360765034951967,0.3087313752910668,1,Sell,0.0162057061574535,0.438675932596122,0
2025-08-26,1,0,0,0.34,0.3547198394649625,0.326510590279953,0.3547198394649625,0.3187695702550844,0,Hold,0.0265537959650716,0.4721713846100206,0
2025-08-27,1,-1,-1,0.34,0.3493662826607386,0.3493662826607386,0.3406502563470399,0.3099834609922214,1,Sell,0.048382455796895,0.7989176523433672,0
2025-08-28,1,-1,-1,0.34,0.3562329161917044,0.3562329161917044,0.3473455803913357,0.2964215034169598,1,Sell,0.0803031741136446,1.2209307578411543,0
2025-08-29,0,-1,-1,0.34,0.3648914344612069,0.3648914344612069,0.3089031660112155,0.3262053995275775,1,Sell,0.0988037849697616,0.0,0
2025-09-02,1,0,0,0.34,0.3344249645851246,0.3335871666348964,0.3344249645851246,0.331987868779979,0,Hold,0.0267829880349572,1.2340127918300414,0
2025-09-03,-1,-1,-1,0.34,0.3543160795441364,0.3543160795441364,0.3355946511332384,0.310089269322625,1,Sell,0.0355921842381991,-0.7625487786955487,0
2025-09-04,1,0,0,0.34,0.359018374408944,0.3361329509711044,0.359018374408944,0.3048486746199516,0,Hold,0.0697421629943177,1.329292211977151,0
2025-09-05,1,-1,-1,0.34,0.3502823257179773,0.3502823257179773,0.3279255115690805,0.3217921627129421,1,Sell,0.1109466110971737,0.6891438841157616,0
2025-09-08,0,1,1,0.34,0.3478540182004712,0.3469935392679751,0.3051524425315536,0.3478540182004712,1,Buy,0.1100153074830047,0.1429304041201229,1
2025-09-09,0,-1,-1,0.34,0.3493662826607386,0.3493662826607386,0.3406502563470399,0.3099834609922214,1,Sell,0.0342570407567884,0.0082356331925437,0
2025-09-10,0,-1,-1,0.34,0.3493662826607386,0.3493662826607386,0.3406502563470399,0.3099834609922214,1,Sell,0.0624111577665617,-0.1838894261971813,0
2025-09-11,0,0,0,0.34,0.3637039939994905,0.31796971405367,0.3637039939994905,0.3183262919468393,0,Hold,0.0485734074508144,0.343699313581447,0
2025-09-12,1,0,0,0.34,0.3483224789920841,0.3396515142387258,0.3483224789920841,0.3120260067691901,0,Hold,0.0444219927246761,0.8987792433232666,0
2025-09-15,0,1,1,0.34,0.3453228711057141,0.3444686534168321,0.3102084754774538,0.3453228711057141,1,Buy,0.1335130437183629,0.1819551154396803,1
2025-09-16,0,-1,-1,0.34,0.3562130612043633,0.3562130612043633,0.3473262207482814,0.2964607180473551,1,Sell,0.0518888745958013,-0.1924653339363868,0
2025-09-17,-1,-1,-1,0.34,0.3629924063839262,0.3629924063839262,0.3268898922364117,0.310117701379662,1,Sell,0.0560458392897245,-1.0348225637178965,0
2025-09-18,1,0,0,0.34,0.3522709123811778,0.3238609690350763,0.3522709123811778,0.3238681185837459,0,Hold,0.1477296673781162,0.7629620770278844,0
2025-09-19,1,0,0,0.34,0.3745899616309602,0.3119264936157315,0.3745899616309602,0.3134835447533083,0,Hold,0.0897478569697583,1.884786903768898,0
2025-09-22,1,-1,-1,0.34,0.3425626552646291,0.3425626552646291,0.3340163665540027,0.3234209781813683,1,Sell,0.0581879594909377,1.0666492101799152,0
2025-09-23,-1,-1,-1,0.34,0.3425626552646291,0.3425626552646291,0.3340163665540027,0.3234209781813683,1,Sell,0.1055513783466644,-1.2828651205417652,0
2025-09-24,0,0,0,0.34,0.3404944373578372,0.3319987943526507,0.3404944373578372,0.3275067682895121,0,Hold,-0.0209013669275399,0.1286086804186847,0
2025-09-25,1,1,0,0.34,0.3395265482582596,0.3366192617283156,0.3238541900134247,0.3395265482582596,0,Hold,-0.0176742439508334,1.0275936601965352,0
2025-09-26,1,0,0,0.34,0.3525766889771352,0.3408828158547837,0.3525766889771352,0.306540495168081,0,Hold,0.0016540518438126,1.2078471360118748,0
2025-09-29,1,0,0,0.34,0.3626775051955749,0.3079966794590446,0.3626775051955749,0.3293258153453804,0,Hold,0.0434338040186255,0.5208235492420998,0
2025-09-30,1,1,1,0.34,0.3500600337405342,0.30945759905296,0.3404823672065058,0.3500600337405342,1,Buy,0.0031124834810637,0.6951663932628138,1
2025-10-01,-1,1,0,0.34,0.3366814901184102,0.3358486484260618,0.3274698614555278,0.3366814901184102,0,Hold,0.0684143738799489,-0.7188118636877849,0
2025-10-02,1,0,0,0.34,0.3518280951528019,0.2987366899693965,0.3518280951528019,0.3494352148778015,0,Hold,0.0193492739893285,1.0703986816393396,0
2025-10-03,1,0,0,0.34,0.3461575879822062,0.3100391376215011,0.3461575879822062,0.3438032743962926,0,Hold,0.0311337561836307,1.744484392910639,0
2025-10-06,1,0,0,0.34,0.3428486404017181,0.3152474813077119,0.3428486404017181,0.34190387829057,0,Hold,-0.028289456426933,0.7116651299544197,0
2025-10-07,1,0,0,0.34,0.3619999694552817,0.3290145164461129,0.3619999694552817,0.3089855140986054,0,Hold,-0.028669677001923,1.677311007742199,0
2025-10-08,0,0,0,0.34,0.3354214269691068,0.330081441561679,0.3354214269691068,0.3344971314692141,0,Hold,0.0185224564078287,0.0,0
2025-10-09,1,0,0,0.34,0.3450026081051754,0.3123412420376751,0.3450026081051754,0.3426561498571494,0,Hold,-0.0519789850220017,0.7500659643053353,0
2025-10-10,0,-1,-1,0.34,0.3514041466369817,0.3514041466369817,0.3328365795567034,0.3157592738063147,1,Sell,-0.0251284659734401,0.0,-1
2025-10-13,1,0,0,0.34,0.3428486404017181,0.3152474813077119,0.3428486404017181,0.34190387829057,0,Hold,0.0078341383257785,0.7326120075161535,0
2025-10-14,1,0,0,0.34,0.3582360795115298,0.3208573465169034,0.3582360795115298,0.3209065739715667,0,Hold,-0.0198817814913105,0.9229880210824382,0
2025-10-15,0,0,0,0.34,0.3418809317908419,0.3180469689200335,0.3418809317908419,0.3400720992891246,0,Hold,0.0028457933117789,0.0,0
2025-10-16,0,0,0,0.34,0.3619999694552817,0.3290145164461129,0.3619999694552817,0.3089855140986054,0,Hold,0.0115535124223542,0.0,0
2025-10-17,0,0,0,0.34,0.3436600685585577,0.3320773066257963,0.3436600685585577,0.3242626248156458,0,Hold,-0.0188726593714966,0.0,0
2025-10-20,0,0,0,0.34,0.3462977570428176,0.3260373770880412,0.3462977570428176,0.3276648658691412,0,Hold,0.0245471882409704,0.0,0
2025-10-21,-1,-1,-1,0.34,0.3530121642183916,0.3530121642183916,0.3165375808441831,0.3304502549374252,1,Sell,0.1404105271284697,-1.0592765943036375,0
2025-10-22,1,1,1,0.34,0.3522062218740868,0.2984059041398465,0.3493878739860667,0.3522062218740868,1,Buy,0.1049546715972745,2.005244278866991,1
2025-10-23,0,0,0,0.34,0.3441710860681334,0.3437663239281512,0.3441710860681334,0.3120625900037153,0,Hold,0.1413709133020814,-0.1721027186098678,0
2025-10-24,0,1,1,0.34,0.3522993819283102,0.3187337465826069,0.328966871489083,0.3522993819283102,1,Buy,0.1142359796978921,0.0,1
2025-10-27,-1,0,0,0.34,0.3489248732003527,0.3131991443796428,0.3489248732003527,0.3378759824200045,0,Hold,0.123329270700519,-0.8920750654199727,0
2025-10-28,1,0,0,0.34,0.3613540938607938,0.3086257795278951,0.3613540938607938,0.3300201266113111,0,Hold,0.1219203344578335,0.4412283852413878,0
2025-10-29,1,0,0,0.34,0.3554242659200603,0.3412029197294799,0.3554242659200603,0.3033728143504597,0,Hold,0.0710266672313448,0.441802793181556,0
2025-10-30,-1,0,0,0.34,0.3686471924973832,0.3148753307564215,0.3686471924973832,0.3164774767461952,0,Hold,0.067861838401471,-0.4773472977074977,0
2025-10-31,1,0,0,0.34,0.359664940462333,0.3071556047534536,0.359664940462333,0.3331794547842134,0,Hold,0.0538298826898788,0.4545250835765735,0
2025-11-03,-1,0,0,0.34,0.3449882181433978,0.3311844423398847,0.3449882181433978,0.3238273395167174,0,Hold,0.068032572588221,-1.3149038075696118,0
2025-11-04,1,0,0,0.34,0.3593077949290047,0.3258681386303285,0.3593077949290047,0.3148240664406666,0,Hold,0.0670806145215028,0.8257997836581543,0
2025-11-05,0,0,0,0.34,0.3432508614382281,0.3328726237049813,0.3432508614382281,0.3238765148567905,0,Hold,0.0845998034131297,-0.0100531738679521,0
2025-11-06,1,0,0,0.34,0.3518117910852703,0.298769187215983,0.3518117910852703,0.3494190216987468,0,Hold,0.0544578297094745,0.4899620713705976,0
2025-11-07,0,0,0,0.34,0.3483578826893365,0.3296991024335846,0.3483578826893365,0.3219430148770787,0,Hold,0.0405308695573308,0.0,0
2025-11-10,0,0,0,0.34,0.3675547219509764,0.3121385590742572,0.3675547219509764,0.3203067189747664,0,Hold,0.0001902942456928,-0.1216012509728692,0
2025-11-11,0,1,1,0.34,0.345088947408712,0.3321958763901817,0.3227151762011063,0.345088947408712,1,Buy,-0.0168092658546687,0.0,0
2025-11-12,-1,-1,-1,0.34,0.3532761715354401,0.3532761715354401,0.3145525804365716,0.3321712480279881,1,Sell,-0.0372681823155328,-0.4162306252134762,-1
2025-11-13,0,0,0,0.34,0.3400145725288466,0.3291414686544885,0.3400145725288466,0.3308439588166648,0,Hold,-0.0556226070450781,0.0,0
2025-11-14,-1,-1,0,0.34,0.3374065766642843,0.3374065766642843,0.3328398765720923,0.3297535467636234,0,Hold,0.0952215393753588,-0.4721608857772397,0
2025-11-17,0,0,0,0.34,0.343625516883778,0.3159353082255711,0.343625516883778,0.3404391748906508,0,Hold,0.0877749700053581,-0.1720620385906923,0
2025-11-18,1,-1,-1,0.34,0.345111688186427,0.345111688186427,0.3411852372194529,0.3137030745941201,1,Sell,0.1059561443800405,0.4038091780114161,0
2025-11-19,-1,0,0,0.34,0.368679812807373,0.3148742109310727,0.368679812807373,0.3164459762615541,0,Hold,0.0594993482920821,-0.5198997333235034,0
2025-11-20,1,0,0,0.34,0.3444179984185992,0.3386117725195859,0.3444179984185992,0.3169702290618148,0,Hold,0.0714303565487019,0.4979650233421617,0
2025-11-21,0,0,0,0.34,0.3495963569882617,0.3251945872881832,0.3495963569882617,0.3252090557235551,0,Hold,0.0965216526131422,0.3728493966671742,0
2025-11-24,1,0,0,0.34,0.3398432436476725,0.329271789005061,0.3398432436476725,0.3308849673472667,0,Hold,0.0729317134387566,1.155949414638835,0
2025-11-25,1,0,0,0.34,0.3551085312931156,0.3325986919514658,0.3551085312931156,0.3122927767554186,0,Hold,-0.0737248767676281,0.6281406738781081,0
2025-11-26,1,0,0,0.34,0.3473649972073859,0.325346009796473,0.3473649972073859,0.3272889929961411,0,Hold,-0.0130362021163166,1.2748393086785548,0
2025-11-28,1,-1,0,0.34,0.3383724835469438,0.3383724835469438,0.3357810970389137,0.3258464194141425,0,Hold,0.0537009881922375,0.4978309027884764,0
2025-12-01,-1,1,1,0.34,0.3436528834079962,0.3182916389379669,0.3380554776540368,0.3436528834079962,1,Buy,-0.0200211316559158,-1.2431229084807538,0
2025-12-02,0,1,1,0.34,0.3407491895951525,0.3239753217000747,0.3352754887047726,0.3407491895951525,1,Buy,-0.0398285537374737,0.3033417745907929,0
2025-12-03,0,1,1,0.34,0.350145697325739,0.3390564742717047,0.3107978284025561,0.350145697325739,1,Buy,-0.0029410236349123,0.2976686729070144,0
2025-12-04,0,1,1,0.34,0.3440490016209701,0.3261201207752979,0.3298308776037319,0.3440490016209701,1,Buy,-0.0088468624603844,0.026119419423165,0
2025-12-05,-1,-1,-1,0.34,0.3620314794052366,0.3620314794052366,0.3210707199117729,0.3168978006829904,1,Sell,-0.0507615685931506,-0.6100241550233032,-1
2025-12-08,1,0,0,0.34,0.3615392357972637,0.3069824044303007,0.3615392357972637,0.3314783597724355,0,Hold,0.0941668889502907,0.4657049840088856,0
2025-12-09,0,-1,-1,0.34,0.3460959628924285,0.3460959628924285,0.339836373001772,0.3140676641057993,1,Sell,0.0595426072273795,-0.2448544581386547,0
2025-12-10,1,1,0,0.34,0.3369815065266588,0.3345344896373815,0.3284840038359596,0.3369815065266588,0,Hold,0.0813145147473419,2.1232508752677903,0
2025-12-11,0,1,1,0.34,0.343280519823867,0.3265021879984658,0.3302172921776671,0.343280519823867,1,Buy,0.0181250964482022,0.3406859796114769,1
2025-12-12,0,0,0,0.34,0.3485321287430867,0.3109155523259729,0.3485321287430867,0.3405523189309403,0,Hold,-0.0228820182187672,0.1534870702160518,0
2025-12-15,0,-1,-1,0.34,0.3518086407539133,0.3518086407539133,0.3435964821244591,0.3045948771216276,1,Sell,-0.0267246735721333,-0.0510877287184907,-1
2025-12-16,1,0,0,0.34,0.3495466694711356,0.3146174008875632,0.3495466694711356,0.3358359296413011,0,Hold,0.0109774033812328,0.9989545824137468,0
2025-12-17,0,0,0,0.34,0.3485321287430867,0.3109155523259729,0.3485321287430867,0.3405523189309403,0,Hold,0.0143364664689981,-0.1840138010350767,0
2025-12-18,1,-1,-1,0.34,0.3484754030898288,0.3484754030898288,0.3197310883664787,0.3317935085436925,1,Sell,-0.0064300655197807,0.5046641858220902,-1
2025-12-19,1,0,0,0.34,0.3391219920213479,0.3261635454940921,0.3391219920213479,0.33471446248456,0,Hold,-0.0271768150928726,1.907648855308808,0
2025-12-22,1,0,0,0.34,0.3373705485301281,0.328198789629767,0.3373705485301281,0.3344306618401046,0,Hold,-4.661426204284179e-05,0.8594633081026481,0
2025-12-23,0,1,1,0.34,0.3700763137939299,0.3091709723694659,0.3207527138366041,0.3700763137939299,1,Buy,0.0072980392362849,-0.0490699368048908,1
2025-12-24,1,-1,-1,0.34,0.3533945051558071,0.3533945051558071,0.3134109452847722,0.3331945495594207,1,Sell,0.0093987753332183,1.0824442919012078,0
2025-12-26,0,0,0,0.34,0.3515795851203021,0.313634101075347,0.3515795851203021,0.3347863138043508,0,Hold,-0.0437630045325142,0.0,0
2025-12-29,1,-1,0,0.34,0.3371837706161499,0.3371837706161499,0.3326200861391561,0.3301961432446939,0,Hold,0.1108586755674467,1.0404383478751278,0
2025-12-30,-1,-1,-1,0.34,0.3663758499181131,0.3663758499181131,0.3195116119471241,0.3141125381347628,1,Sell,0.1150738419304042,-1.0182833117224457,0
2025-12-31,0,0,0,0.34,0.3579824879021342,0.3265422147788157,0.3579824879021342,0.31547529731905,0,Hold,0.0870330151075169,-0.2589281269567367,0
2026-01-02,0,0,0,0.34,0.3562805267194102,0.3206771596274985,0.3562805267194102,0.3230423136530912,0,Hold,0.0780157240661524,0.0,0
2026-01-05,1,0,0,0.34,0.3649225728211665,0.315684592977444,0.3649225728211665,0.3193928342013894,0,Hold,0.1009910735749981,1.0209897443217208,0
2026-01-06,-1,0,0,0.34,0.3589231968192518,0.3104946959627389,0.3589231968192518,0.3305821072180092,0,Hold,-0.0104156897925071,-0.734023229471259,0
2026-01-07,0,0,0,0.34,0.3532264814994858,0.3452766257146086,0.3532264814994858,0.3014968927859055,0,Hold,0.0699638907359977,0.0089989580962512,0
2026-01-08,1,0,0,0.34,0.3495499766258777,0.3274053072437695,0.3495499766258777,0.3230447161303528,0,Hold,-0.0817770217687775,0.9124122433634918,0
2026-01-09,0,0,0,0.34,0.3408441250701424,0.3192509882793174,0.3408441250701424,0.3399048866505401,0,Hold,-0.0234813575045596,0.0,0
2026-01-12,0,0,0,0.34,0.360605549880519,0.3119500538412189,0.360605549880519,0.3274443962782619,0,Hold,-0.0094875622212798,-0.3279458335799012,0
2026-01-13,1,0,0,0.34,0.3678331365441263,0.3182024424958068,0.3678331365441263,0.3139644209600668,0,Hold,-0.0215086792039684,0.808411221913885,0
2026-01-14,0,0,0,0.34,0.341371419830777,0.3197448778935581,0.341371419830777,0.3388837022756648,0,Hold,-0.0018609781969068,-0.2161554681317401,0
2026-01-15,-1,0,0,0.34,0.3437473857504741,0.3319076007468234,0.3437473857504741,0.3243450135027024,0,Hold,-0.0090280916878794,-0.604378041378939,0
2026-01-16,0,0,0,0.34,0.3700072609887239,0.3141725914879193,0.3700072609887239,0.3158201475233568,0,Hold,0.0109984183756236,0.0,0
2026-01-20,1,-1,-1,0.34,0.3502088619652828,0.3502088619652828,0.3334499576097113,0.3163411804250058,1,Sell,0.0140770834533825,1.516928009704066,0
2026-01-21,1,1,1,0.34,0.3441703064102456,0.3171880439457314,0.338641649644023,0.3441703064102456,1,Buy,-0.0017999387725321,1.5936090714126827,0
2026-01-22,1,0,0,0.34,0.3649225728211665,0.315684592977444,0.3649225728211665,0.3193928342013894,0,Hold,0.0023151725422711,1.3730523408316264,0
2026-01-23,1,0,0,0.34,0.3469018464931768,0.3287382487897177,0.3469018464931768,0.3243599047171054,0,Hold,-0.0375513908957494,2.079900243914934,0
2026-01-26,0,0,0,0.34,0.3394265803029438,0.3351406697471371,0.3394265803029438,0.3254327499499191,0,Hold,-0.0331519468864764,0.0039314727950712,0
2026-01-27,0,1,1,0.34,0.355360434783673,0.2990018163027811,0.3456377489135458,0.355360434783673,1,Buy,-0.0305523043293806,0.0,0
2026-01-28,0,0,0,0.34,0.3647945742903661,0.3155738649296144,0.3647945742903661,0.3196315607800193,0,Hold,-0.0302827898412275,0.3168817786714406,0
2026-01-29,0,1,1,0.34,0.357027476915301,0.3109697516008802,0.3320027714838188,0.357027476915301,1,Buy,-0.0114070458493067,0.0,0
2026-01-30,-1,0,0,0.34,0.3686547089227852,0.3148613616049614,0.3686547089227852,0.3164839294722534,0,Hold,0.1071754090479515,-1.9389444883695095,0
2026-02-02,0,0,0,0.34,0.3596550497976639,0.3071746577408601,0.3596550497976639,0.3331702924614759,0,Hold,0.1185913162956015,0.0,0
2026-02-03,0,0,0,0.34,0.3509449443910382,0.3291187248837672,0.3509449443910382,0.3199363307251946,0,Hold,0.0934990499164783,0.3405531815997564,0
2026-02-04,-1,0,0,0.34,0.3616590596345126,0.327862659328952,0.3616590596345126,0.3104782810365353,0,Hold,0.0700311334953637,-1.19908952871689,0
2026-02-05,1,0,0,0.34,0.3686548059407071,0.3148611812987686,0.3686548059407071,0.3164840127605241,0,Hold,0.0525355443644802,1.8472105725236831,0
2026-02-06,1,0,0,0.34,0.3599852403720685,0.3270330529898876,0.3599852403720685,0.3129817066380438,0,Hold,0.0772799276337301,2.0136472592168664,0
2026-02-09,-1,1,1,0.34,0.3501624956634124,0.3069813852973391,0.3428561190392484,0.3501624956634124,1,Buy,0.0368866843148069,-0.9325090294185824,1
2026-02-10,1,0,0,0.34,0.3476504454553687,0.3334424752334311,0.3476504454553687,0.3189070793112002,0,Hold,-0.0442383794470617,1.3549761304446184,0
2026-02-11,0,0,0,0.34,0.346984141677385,0.3106774724826721,0.346984141677385,0.3423383858399429,0,Hold,0.0221953119134113,0.0,0
2026-02-12,1,0,0,0.34,0.3533377732198125,0.298055277898886,0.3533377732198125,0.3486069488813015,0,Hold,0.1049048002326734,1.996462026284296,0
2026-02-13,0,0,0,0.34,0.362798341473453,0.3295886495488024,0.362798341473453,0.3076130089777444,0,Hold,0.1444226041930595,0.0,0
2026-02-17,1,0,0,0.34,0.3655852204100953,0.3122395056534456,0.3655852204100953,0.3221752739364591,0,Hold,0.0870721538550717,2.1216920217128177,0
2026-02-18,0,1,0,0.34,0.3367289323322533,0.3295284641013394,0.3337426035664074,0.3367289323322533,0,Hold,0.074529475146451,-0.2125759080768063,0
2026-02-19,1,0,0,0.34,0.3600308822327453,0.3245114850957184,0.3600308822327453,0.3154576326715362,0,Hold,0.0385474544244891,1.6760767696405443,0
2026-02-20,0,0,0,0.34,0.33672588395313,0.3365108629103366,0.33672588395313,0.3267632531365334,0,Hold,-0.0222296968747189,0.0,0
2026-02-23,-1,0,0,0.34,0.345477776064898,0.3113941378670693,0.345477776064898,0.3431280860680327,0,Hold,0.0534453543219254,-0.939542889887124,0
2026-02-24,1,0,0,0.34,0.3547392898270787,0.3144889989859952,0.3547392898270787,0.3307717111869262,0,Hold,-0.0324721401743323,0.981420915727682,0
2026-02-25,-1,0,0,0.34,0.33672588395313,0.3365108629103366,0.33672588395313,0.3267632531365334,0,Hold,0.0660031993762681,-0.5742913127032345,0
2026-02-26,1,0,0,0.34,0.3407468108346501,0.3208196779648468,0.3407468108346501,0.3384335112005032,0,Hold,-0.0287958767565574,1.0431758910460776,0
2026-02-27,1,0,0,0.34,0.344816538562396,0.3365132618507743,0.344816538562396,0.3186701995868297,0,Hold,0.0654819577380627,1.2216786606203955,0
2026-03-02,0,1,1,0.34,0.3524323573377677,0.3198379104644137,0.3277297321978186,0.3524323573377677,1,Buy,-0.0235607461652243,0.0,0
2026-03-03,0,0,0,0.34,0.3641652300990052,0.3250010949471134,0.3641652300990052,0.3108336749538815,0,Hold,0.0402363561355511,0.2506224931178025,0
2026-03-04,-1,-1,-1,0.34,0.3432394303064566,0.3432394303064566,0.3215584309606997,0.3352021387328437,1,Sell,0.03503462706182,-1.0722313294558417,0
2026-03-05,1,0,0,0.34,0.3655852204100953,0.3122395056534456,0.3655852204100953,0.3221752739364591,0,Hold,0.0606448646272764,1.5951729627923683,0
2026-03-06,-1,0,0,0.34,0.344816538562396,0.3365132618507743,0.344816538562396,0.3186701995868297,0,Hold,0.0481694801223807,-1.0609995262454652,0
2026-03-09,0,0,0,0.34,0.3573767761383215,0.3052288267788251,0.3573767761383215,0.3373943970828533,0,Hold,0.0498974465348361,0.0,0
2026-03-10,-1,0,0,0.34,0.3575080483828372,0.3222375452764276,0.3575080483828372,0.3202544063407352,0,Hold,-0.0026619924819896,-1.1912784794927855,0
2026-03-11,-1,0,0,0.34,0.3460147515615385,0.3218714904609709,0.3460147515615385,0.3321137579774905,0,Hold,0.1150146775497518,-0.9985698539191068,0
2026-03-12,-1,0,0,0.34,0.3516659732297708,0.3233337633134664,0.3516659732297708,0.3250002634567628,0,Hold,0.1147638727702493,-1.2373393624492413,0
2026-03-13,-1,0,0,0.34,0.3516659732297708,0.3233337633134664,0.3516659732297708,0.3250002634567628,0,Hold,0.0606585991948298,-1.1578426521523966,0
2026-03-16,0,1,1,0.34,0.3519506148384599,0.3104241900749793,0.3376251950865607,0.3519506148384599,1,Buy,0.0257852711763817,0.1401682018422168,1
2026-03-17,0,0,0,0.34,0.3469111601941626,0.3253358126847167,0.3469111601941626,0.3277530271211207,0,Hold,0.0546339700719813,0.0,0
2026-03-18,0,0,0,0.34,0.3686548059407071,0.3148611812987686,0.3686548059407071,0.3164840127605241,0,Hold,0.0403556419420321,0.0,0
2026-03-19,-1,0,0,0.34,0.3686548059407071,0.3148611812987686,0.3686548059407071,0.3164840127605241,0,Hold,0.0593684350134131,-0.6586017710874081,0
2026-03-20,0,1,1,0.34,0.3594264278018314,0.2950797865982071,0.3454937855999613,0.3594264278018314,1,Buy,0.0356606287862308,0.0,1
2026-03-23,0,1,1,0.34,0.3636133329712941,0.2985171272842213,0.3378695397444846,0.3636133329712941,1,Buy,0.0074962232290953,-0.1089960005973611,1
2026-03-24,0,0,0,0.34,0.357148985684222,0.3378112357865436,0.357148985684222,0.3050397785292343,0,Hold,0.0102522239586573,0.0,0
2026-03-25,0,0,0,0.34,0.357148985684222,0.3378112357865436,0.357148985684222,0.3050397785292343,0,Hold,0.0130302566499925,0.0,0
2026-03-26,0,1,1,0.34,0.3594264278018314,0.2950797865982071,0.3454937855999613,0.3594264278018314,1,Buy,0.0312689648814606,0.0,1
2026-03-27,1,-1,-1,0.34,0.3573716749241105,0.3573716749241105,0.3347980007885259,0.3078303242873635,1,Sell,0.0088289797073535,0.756901157613532,0
