Date,actual_return,pred_return
2024-01-02,-1.462892491788459,0.0811485678556444
2024-01-03,0.3981957452896312,0.11138958939812005
2024-01-04,0.0048952447508909,0.10667851675050165
2024-01-05,-0.7736020681187616,0.09628306680493476
2024-01-08,-0.0098663364395346,0.07363996782341989
2024-01-09,-0.2319420245539438,0.10910830311602106
2024-01-10,-0.3660237682382439,0.10293659881440949
2024-01-11,1.6084943433625654,0.08528593787388761
2024-01-12,-1.011381817839141,0.06103442653226025
2024-01-16,-1.1549863975351735,0.03920307491279189
2024-01-17,0.7989613599849621,0.03265207064705038
2024-01-18,0.3913615629451028,0.03440215482299805
2024-01-19,-0.3306168848692281,0.04924397696967611
2024-01-22,0.1930835849822232,0.009932341269067146
2024-01-23,-0.4842578936733011,0.06765373316483347
2024-01-24,0.1489646935613375,0.061505607449991076
2024-01-25,-0.0049568934864074,0.012776291261480638
2024-01-26,0.4164965361157513,0.012614688498017203
2024-01-29,0.3110828056498649,0.021948787055023268
2024-01-30,0.8318928055008667,0.0297577841577675
2024-01-31,0.2245702926946258,0.0007182846886826136
2024-02-01,-0.8231867712646279,-0.025625226864079358
2024-02-02,-0.5107816187203351,0.059841019698875925
2024-02-05,0.4344201530455782,0.04954114881601787
2024-02-06,0.0344040880744689,0.063363465226727
2024-02-07,-0.1474056639138909,0.0399200616387388
2024-02-08,-0.4379442258434229,0.0472105840707464
2024-02-09,-0.2520682811827157,0.07326540082059929
2024-02-12,-1.2535887112236854,0.06176607927867675
2024-02-13,-0.1304619175114929,0.04804848400901188
2024-02-14,0.5928717514105397,0.03783784461221241
2024-02-15,0.469508242779515,0.03659933729090105
2024-02-16,0.7954262987819982,0.041146440407850926
2024-02-20,-0.2564710812268833,0.06403602304809837
2024-02-21,-0.1285713095718232,0.05615845096139274
2024-02-22,0.9357837733815932,0.044846274380338266
2024-02-23,-0.495436854061293,-0.018691850804697346
2024-02-26,0.2711363076164597,0.06296117295090506
2024-02-27,-0.0491642084562427,-0.05355800065403741
2024-02-28,0.6246901707759545,0.06285725081735948
2024-02-29,2.0139782057614797,-0.06341022414726291
2024-03-01,1.4758757137097955,-0.024756714546317216
2024-03-04,0.746094781717388,-0.011229032218648157
2024-03-05,0.7874407700082076,0.0957321813961415
2024-03-06,0.3580872900073251,0.04333748849632368
2024-03-07,0.9545921064064044,0.006502813245902046
2024-03-08,0.1790095551701176,0.07697616637856793
2024-03-11,-1.0126047036082442,0.0625072519536739
2024-03-12,0.6943158988170106,-0.010862807732284433
2024-03-13,-0.5700056495539285,0.05672694776430118
2024-03-14,-0.2635206274560819,0.10739798149571027
2024-03-15,0.15759988257531,0.08548991470173455
2024-03-18,-0.2036331949451741,0.11868262694756666
2024-03-19,0.0741943829428715,0.06125432982888858
2024-03-20,1.1353631358614005,0.06261895725181157
2024-03-21,-1.11344417956597,0.06943856816780662
2024-03-22,0.7738265333480765,0.07122606480578877
2024-03-25,0.0367872360751642,0.09588897895674034
2024-03-26,0.6894649442312106,0.08499023382268583
2024-03-27,1.2234001411838502,0.030305301927525344
2024-03-28,0.8613736131250604,0.013243410674274942
2024-04-01,1.095461658841934,-0.047476791501985485
2024-04-02,1.4772181487726632,-0.06556331539079507
2024-04-03,-0.2440661503648411,-0.06011163407795854
2024-04-04,1.6121942308871873,-0.012378146051693052
2024-04-05,0.2579868480874658,0.0062403893711163606
2024-04-08,0.5060706383852809,-0.03770873745430868
2024-04-09,-0.593125766748448,-0.027728138661458172
2024-04-10,1.0817286278974605,-0.04013826261344601
2024-04-11,0.0594488837575291,-0.023628747015784466
2024-04-12,0.4074398546471069,-0.03920529411883518
2024-04-15,1.0567249760766284,-0.025132197947179913
2024-04-16,-0.7988998354593546,-0.024170532572997002
2024-04-17,0.4469409231556698,-0.019372845064713668
2024-04-18,0.6758113245871167,-0.03967720232950507
2024-04-19,0.0,0.00028885361269914613
2024-04-22,-0.1929508658868983,0.08967765495065455
2024-04-23,-0.137472665678584,0.041719286595492566
2024-04-24,0.228008123386747,0.03613165872427216
2024-04-25,0.2146106916992796,0.03844380774610094
2024-04-26,0.4539940591891556,0.02731376509283149
2024-04-29,0.0,0.009707206911365562
2024-04-30,0.3709522720720226,0.03289527378810213
2024-05-01,-0.0304339841556422,0.023869606702776526
2024-05-02,-0.0086965542850259,0.016503654279845723
2024-05-03,0.9830403504240914,-0.0028326618146579195
2024-05-06,-0.2756782484130804,0.03129601169403144
2024-05-07,-0.0691021747307507,0.06765791402254528
2024-05-08,0.7996196066356154,0.036843609086355485
2024-05-09,1.509367081080737,-0.0070079408977138154
2024-05-10,-1.317955076599597,-0.0017781246699996374
2024-05-13,0.7405420985537647,-0.027130238109645752
2024-05-14,1.4999596453186603,0.08927697862432654
2024-05-15,-0.3642128082100404,0.13317512193291473
2024-05-16,1.3529391248686906,0.03710238100036296
2024-05-17,0.8995917258572517,0.10628555722036448
2024-05-20,-0.5012511467758718,0.10480597405487574
2024-05-21,-1.3420324835978548,0.06714697577603591
2024-05-22,0.0,0.12036388824605669
2024-05-23,-0.1070663811563177,0.07434616136712602
2024-05-24,0.9732026225884204,0.10715608066588408
2024-05-28,-0.6326385297492965,0.05692748656551298
2024-05-29,0.1110906063915617,0.030189651453166856
2024-05-30,-0.8536429567474357,0.012522197635188748
2024-05-31,1.0202848296901212,0.03528920817170926
2024-06-03,-0.8991773961538829,0.0513104314508039
2024-06-04,1.2298472438722952,0.07783784123960813
2024-06-05,0.6881589779467623,0.09223381747626042
2024-06-06,0.0,0.0930345386971983
2024-06-07,0.1084504621271076,0.05090836927686829
2024-06-10,-0.0086645220828462,0.03886097597938366
2024-06-11,1.2351029252437806,0.01628397269043067
2024-06-12,-1.5325363368204226,0.047524660281157385
2024-06-13,1.3564016969907169,0.04810809705729637
2024-06-14,-0.8149610017955,0.0362853372991153
2024-06-17,0.778412072313106,0.06753207642469417
2024-06-18,1.0041257923518063,0.10355038878485151
2024-06-20,-1.5889262345370136,0.10358013528931789
2024-06-21,0.5871221822488115,0.057508830470794484
2024-06-24,-0.5751031048819688,0.03769876426602031
2024-06-25,-0.7511070426863498,0.05430047337231875
2024-06-26,1.1003848888927692,0.05914071039773981
2024-06-27,0.1376619131802536,0.08370752205184169
2024-06-28,-0.0042897932602814,0.056018388031009295
2024-07-01,-0.1976326457831856,0.045687806852503975
2024-07-02,1.5841605177841167,0.05809979492699932
2024-07-03,1.2162026687865923,-0.04154094430316216
2024-07-05,-1.3941824922807156,0.01928095518972026
2024-07-08,0.2080564956676855,-0.07396126914936364
2024-07-09,0.5126839123324123,-0.0680079015781053
2024-07-10,1.804234453633713,-0.030015915523141437
2024-07-11,-0.0414078674948248,0.09947020710675056
2024-07-12,0.3686786389291541,0.009144690459833817
2024-07-15,1.6302778320222977,-0.010514323930673159
2024-07-16,-0.3086360387031917,0.13290257694065322
2024-07-17,-0.1222095462085404,0.05219049510210176
2024-07-18,0.0,0.07402430979438093
2024-07-19,-0.1461072844917588,0.10206766823029098
2024-07-22,0.5267599354619623,0.10618758004698287
2024-07-23,0.3618044921629426,0.06998715124741269
2024-07-24,0.0,0.10381565666885867
2024-07-25,1.1947828914082192,0.06594243578150653
2024-07-26,-0.1134433265493672,0.038643855517728955
2024-07-29,1.1651853196036122,0.03780757271792992
2024-07-30,0.8939708939708968,0.0873229426424446
2024-07-31,0.3502987842571636,0.0968178582945418
2024-08-01,-0.381932190066736,0.047879624064779656
2024-08-02,-0.9894051400877292,0.0361050647730816
2024-08-05,-0.5246222996955541,0.07554361788292933
2024-08-06,0.0585953826347962,0.07602194451392416
2024-08-07,1.326080366947302,0.03274111615741367
2024-08-08,0.4087254018639186,0.09715166682428623
2024-08-09,1.2458288504120008,0.010027821166268689
2024-08-12,0.1746283706408613,0.10422942812729069
2024-08-13,-1.1067438021862053,0.0633478442134105
2024-08-14,0.5616215405820579,0.05056243244016011
2024-08-15,1.8547958986048665,0.0017369878454914917
2024-08-16,0.1280697609383985,0.051358917686083375
2024-08-19,0.3797265894390778,0.031141382261086047
2024-08-20,-0.1154838700269333,0.049411114450381974
2024-08-21,-1.1760485229024398,0.013069783900357098
2024-08-22,1.1900440179980043,0.08648279086344178
2024-08-23,0.3707562266860087,0.11120655329139785
2024-08-26,-0.0675200065473946,0.050455694958665226
2024-08-27,-0.59618441971383,0.0029251654427300557
2024-08-28,0.9876030056727324,0.058386441213604326
2024-08-29,-1.2630123514453473,0.029335054182130935
2024-08-30,-0.1563937127279979,0.07121620690145554
2024-09-03,0.1405678998061432,0.09042075217472259
2024-09-04,0.7219058596689809,0.037621936293784505
2024-09-05,-0.7127459998324093,0.05889287573512772
2024-09-06,0.3328674083868055,0.04321567267753813
2024-09-09,0.4196978093800263,0.011466027080707406
2024-09-10,-0.0079588889857484,0.02693529054704296
2024-09-11,1.5564608095077317,0.0622077575728492
2024-09-12,1.1798407899162866,0.03734833102968596
2024-09-13,-0.0348718268836534,0.007365372038549638
2024-09-16,-0.6239286205599992,-0.009689680286734788
2024-09-17,0.2495769692269389,-0.029273647571996374
2024-09-18,0.6729703643647111,-0.04134845567030626
2024-09-19,1.2326082822160078,0.04241052801381257
2024-09-20,0.2519217490082548,0.0537555908916027
2024-09-23,0.9404131418951024,-0.010546460661001757
2024-09-24,0.3017501564325231,0.006641409975347613
2024-09-25,0.4023748258253246,-0.009252149054236027
2024-09-26,-0.9588319582000904,-0.016280178284723584
2024-09-27,-0.3100991196331559,-0.012964264007583718
2024-09-30,1.1835647363927837,0.05793751554572689
2024-10-01,-0.7573182919840549,0.057268957487684714
2024-10-02,0.3777718873892999,0.027460480252716964
2024-10-03,-0.4252774985064489,0.06381323840668468
2024-10-04,-0.037795751059988,0.08478108549278912
2024-10-07,-1.1267410873396222,0.039530200578054224
2024-10-08,-0.3441682600382356,0.05526252373131096
2024-10-09,0.5602493344685433,0.030107775065713167
2024-10-10,1.4118903541632033,0.024589723180386953
2024-10-11,-0.3687555865447112,0.05641337882840872
2024-10-14,0.5136284184919404,0.06378353725696281
2024-10-15,0.4734387209210489,-0.05022014458026728
2024-10-16,0.6357516828721099,-0.07161091146064524
2024-10-17,0.843550768185608,-0.06035783839910113
2024-10-18,0.3463959410956896,-0.06426681766427213
2024-10-21,0.7748467834063577,-0.06402434064304321
2024-10-22,-1.0859284803718228,-0.058733227087615705
2024-10-23,0.7552313858506743,-0.07013008961111042
2024-10-24,0.2193864570640524,-0.0443563908959449
2024-10-25,0.0729687354977803,-0.04369569377918143
2024-10-28,0.9296730069591864,-0.052139937201949364
2024-10-29,0.7260547018237196,-0.04528133427796292
2024-10-30,-1.8002492799668257,-0.03413020350862907
2024-10-31,0.0109574854024296,0.0997628468070894
2024-11-01,-0.0912875159151394,0.08246564128239214
2024-11-04,0.1535013713669597,0.030952407897181684
2024-11-05,0.0,0.03746673707605724
2024-11-06,1.154588527514333,0.06405775074034552
2024-11-07,-0.4039394729551615,0.012269732638857462
2024-11-08,0.0,0.004179793252908026
2024-11-11,-0.4289197066983941,0.04427903543910673
2024-11-12,-0.7384596604567362,0.02572509561276913
2024-11-13,-0.488224481473154,0.03805655249252787
2024-11-14,-0.0973444454299254,-0.0039591149580864415
2024-11-15,1.7500154865679909,0.012506598237106998
2024-11-18,0.6320385881703361,0.003583111199184
2024-11-19,0.8031613844653007,0.04189263564516843
2024-11-20,0.9025053593026078,-0.018906642718999542
2024-11-21,1.414610355377599,-0.008604510643310085
2024-11-22,0.0,-0.01760897603607653
2024-11-25,0.133751143942673,0.047253155525069535
2024-11-26,0.7480003492115639,0.03377718913368649
2024-11-27,0.647755531983174,0.06111037568663613
2024-11-29,-0.8317688240967236,-0.03820506884398573
2024-12-02,0.3719324904679633,0.0347915968286256
2024-12-03,0.3440880940848378,0.026850956329743565
2024-12-04,-1.0249435025779796,0.04627929225126699
2024-12-05,0.4568643704349062,0.042581412159653435
2024-12-06,0.9967332568076914,0.02935019696959419
2024-12-09,1.2270703032313035,-0.06611194098519774
2024-12-10,1.3419317119437668,-0.024088246947449536
2024-12-11,-1.6936150413770057,0.037347730318744096
2024-12-12,-1.1720930232558158,-0.056157921847647126
2024-12-13,-0.1731964479009806,0.055593244744172765
2024-12-16,-0.2640114753648559,0.09585416220060494
2024-12-17,-0.2987408348014364,0.09171012783324431
2024-12-18,-1.6802597696994104,0.04466005515131454
2024-12-19,1.408070391464178,0.005615418337437729
2024-12-20,-0.6238788240719106,0.025662383519127675
2024-12-23,0.2947575327470142,0.04981569158496992
2024-12-24,0.7175591155772931,-0.0010449715544065688
2024-12-26,-0.8185575737669981,0.035302948523074494
2024-12-27,-0.4241117882741396,0.021291025382656273
2024-12-30,0.8863762959987476,0.048829587263548774
2024-12-31,1.1296193413755873,0.032845182886230714
2025-01-02,-0.5227689215189235,-0.028491357072216547
2025-01-03,-0.2495311023156921,-0.011125218969332783
2025-01-06,0.6936040594857751,0.05084962681680389
2025-01-07,0.2935991633034929,-0.050850869504939035
2025-01-08,0.7243403575952323,-0.07757512672938632
2025-01-09,0.9203349997202626,-0.061583117980739364
2025-01-10,-1.2922281705741168,-0.05097238940412338
2025-01-13,0.1496166074434368,0.09865358480075848
2025-01-14,1.3071895424836557,0.08476773592010572
2025-01-15,1.2497659850230436,-0.039629084761232176
2025-01-16,-0.0764584033750126,-0.002014990925342081
2025-01-17,0.3898972773201059,-0.012070118186319536
2025-01-21,0.4573538169237778,0.041010871704085364
2025-01-22,-0.1625957450937631,0.020581003908225863
2025-01-23,0.5139137443453512,0.0074472003376756385
2025-01-24,-1.4330482169155112,0.02898251875799028
2025-01-27,1.0703214183789944,0.04154401281579465
2025-01-28,0.0831302872464245,0.01855274571837005
2025-01-29,1.9464772107505413,0.05370481165444521
2025-01-30,-0.3719447396386854,0.06075108445481212
2025-01-31,0.7608854166666568,-0.03669734981197188
2025-02-03,0.6845741611526401,0.008912396838649698
2025-02-04,0.6413643330515084,0.10155808028228466
2025-02-05,-0.5432545314712378,0.09864841143514727
2025-02-06,0.3956599729735721,0.006831794571490597
2025-02-07,1.6391727129920983,0.018769788599318462
2025-02-10,-0.0617660775474648,0.10655351989205672
2025-02-11,-0.1201716738197467,0.011623086039551955
2025-02-12,0.5809522978257098,-0.006450286541391632
2025-02-13,-1.445702385567471,0.0072992859467519355
2025-02-14,1.664585877875835,0.040181532635568014
2025-02-18,-0.4161616491367259,0.05808587968942246
2025-02-19,0.7056278120620485,0.07051320954513067
2025-02-20,-0.0816293314200633,-0.01734734070279855
2025-02-21,0.3506197012900891,-0.02674010832931684
2025-02-24,-1.4722312080286182,-0.006652895935505991
2025-02-25,0.4234824867662246,0.04058456808590921
2025-02-26,-1.1519506683274172,0.03153377280514241
2025-02-27,-1.6093196146486743,0.03850776514804013
2025-02-28,1.8823992323959928,0.0643442147279907
2025-03-03,0.6712389043017186,0.01993882006919514
2025-03-04,0.1959015321887802,0.056582838796984475
2025-03-05,0.0445939974050846,0.012676090006783419
2025-03-06,-0.4080143347021669,0.011863242920590376
2025-03-07,-0.4716477227311499,0.03726432583373766
2025-03-10,0.7575199703822255,0.02801917082540449
2025-03-11,0.8994540214519287,0.09088511206421665
2025-03-12,1.5378840349098422,0.03760166113837192
2025-03-13,0.3417870524071498,0.06094249909678143
2025-03-14,0.183670061779928,-0.025822504734724538
2025-03-17,1.1700032552083297,-0.03826570642273487
2025-03-18,0.0263518388773364,0.008377470363634409
2025-03-19,0.1350537826719788,-0.015756763999845845
2025-03-20,-0.7171068693462179,-0.022661364203247113
2025-03-21,-0.1689700350583134,0.017821545591145502
2025-03-24,0.3517922794489925,0.154271266512479
2025-03-25,-0.0926033956193284,0.10617938885810553
2025-03-26,1.3009384653107636,0.1251453300777083
2025-03-27,0.8594225621777918,-0.0023938593952422624
2025-03-28,1.1760910036651584,0.02148043411147101
2025-03-31,-0.124892609945959,0.034256224745325956
2025-04-01,0.6733143306144385,0.028452148754253052
2025-04-02,-1.3662824828182485,0.02961474813030198
2025-04-03,0.0,-0.00908283072363449
2025-04-04,0.0,0.10206015886333711
2025-04-07,0.579400712659317,0.07090751119407857
2025-04-08,0.0,0.04579136513386589
2025-04-09,0.0,0.02184833109845849
2025-04-10,2.123478734687345,0.004470371094378297
2025-04-11,-0.5400007016144959,-0.026661057011776058
2025-04-14,0.4337213595847489,0.0044656235254311345
2025-04-15,0.0,-0.010685963155567737
2025-04-16,-0.5380913232397977,-0.0034209388376595755
2025-04-17,0.0,-0.009729260957870424
2025-04-21,-0.1585315724607516,-0.005859786395656298
2025-04-22,0.0,-0.0013496116064778893
2025-04-23,1.7000869988021303,0.13207908806400978
2025-04-24,-1.48859836903511,0.015997010518679057
2025-04-25,1.5263252238240987,0.10306490102875356
2025-04-28,-0.4111013104838745,0.1068294593791695
2025-04-29,-0.4158144095784855,0.1091251096756747
2025-04-30,0.0,0.1310587898282131
2025-05-01,0.6822399484034181,0.09361710737444093
2025-05-02,0.0,0.10096281453202728
2025-05-05,0.0,0.057626904778475645
2025-05-06,-0.8794043752944014,-0.01957817624589426
2025-05-07,0.0,-0.0014427322920798936
2025-05-08,1.1769642522029056,0.0731779888339352
2025-05-09,0.0,0.11410708182019247
2025-05-12,0.6304362990100953,0.07264139924549873
2025-05-13,-1.817737419276233,0.008301623653888047
2025-05-14,1.2353067842610033,0.059223800069180266
2025-05-15,-1.201600638326883,0.03846480476477258
2025-05-16,1.473912707220304,0.0520840438100232
2025-05-19,1.5918779782261303,0.02589079810517783
2025-05-20,0.8840654686561367,-0.01088726760185453
2025-05-21,-0.5137037968503289,0.027016548431960226
2025-05-22,0.0,0.023912431569042377
2025-05-23,-1.91758824257805,-0.016873421825483174
2025-05-27,-0.1667121286773709,-0.031232094488064743
2025-05-28,0.7135049581982633,-0.08168137242029334
2025-05-29,-0.8501460457109866,-0.03209587399428808
2025-05-30,0.0,0.07550856980019044
2025-06-02,-0.6052378179944973,-0.01718878102211413
2025-06-03,0.6954823344193173,-0.027665837744111372
2025-06-04,-0.67585738337409,-0.024827021950358574
2025-06-05,-0.8356462950437349,0.09985053584531532
2025-06-06,0.2829068715957783,0.08067504293950153
2025-06-09,-0.3361302177079861,0.07498655396416613
2025-06-10,0.0120493389184295,0.0544305346185028
2025-06-11,1.7944736289831509,0.06611358080830926
2025-06-12,1.4877710160320134,-0.049812825462490745
2025-06-13,-1.0142238669664128,-0.009071536866139148
2025-06-16,-0.2885350656363417,-0.03863146767688068
2025-06-17,0.0944886044883075,-0.02710651322047234
2025-06-18,-0.6401543117381503,-0.06836207470344287
2025-06-20,0.285022809218316,0.06627450948381691
2025-06-23,-1.7852399472962133,0.061008366053735746
2025-06-24,0.29240355694371,0.08101635793841441
2025-06-25,0.1923567718403962,0.07422120374437739
2025-06-26,-1.7939117692552853,0.040340086653831694
2025-06-27,0.6323105807074736,0.1029623391682984
2025-06-30,1.2839986061810915,0.08095530968174283
2025-07-01,0.338659423786547,0.08961189745290851
2025-07-02,-0.4898417665397225,0.07779778147299457
2025-07-03,0.0270111153011232,0.04603850280995232
2025-07-04,-0.0090037157726929,0.051583590656631276
2025-07-07,-0.7562556731630865,0.09589813292792494
2025-07-08,0.1391018341775129,0.0772453676913309
2025-07-09,0.1751360223598563,0.05767843383244667
2025-07-10,1.1635648035372317,0.08547950319233798
2025-07-11,-0.1340882002383803,-0.013148445084672574
2025-07-14,-0.6474698246121124,0.11048992556957657
2025-07-15,0.6817211495886655,0.06543921270838725
2025-07-16,-0.3698703159955241,0.06606532602712062
2025-07-17,0.3862130465132507,0.07273929642967623
2025-07-18,1.4583925542424714,0.0864191934728284
2025-07-21,1.0964475704422494,0.017809398934053058
2025-07-22,-1.3113472364483347,0.09325266229434402
2025-07-23,-0.6805956510299027,-0.06293408036093198
2025-07-24,-1.097597152180363,0.0680505977605991
2025-07-25,-0.7468477007723462,0.11131167227863265
2025-07-28,0.432135754902907,0.09002386602049159
2025-07-29,-0.8304704316853595,0.006129919818555316
2025-07-30,-0.0788912439386169,0.0483234831956431
2025-07-31,1.654925325156964,0.03179961980038182
2025-08-01,0.7975610586763882,0.09438867668650637
2025-08-04,0.222261741851959,0.024583803665949776
2025-08-05,-0.0561785504778922,0.013231171937607894
2025-08-06,0.6005931605954196,0.006870884791427762
2025-08-07,1.1410772070393316,0.0289019196616786
2025-08-08,0.0,0.0199033043019107
2025-08-11,-0.1252630458433379,0.055690803152415244
2025-08-12,0.2926348685807545,0.06161279920098936
2025-08-13,-0.6996754798475169,0.06987222316912214
2025-08-14,0.0239880318972707,0.10832340367090071
2025-08-15,-0.1288983461668169,0.09669387968218346
2025-08-18,-0.549270615491293,0.03486263549258461
2025-08-19,0.9054144046657164,0.048441293745709504
2025-08-20,-0.1944128788017085,0.07557307629431191
2025-08-21,1.1237975695243652,0.09918117200758274
2025-08-22,-0.0177765982985134,0.0540492719221962
2025-08-25,0.438675932596122,0.016205706157453502
2025-08-26,0.4721713846100206,0.026553795965071653
2025-08-27,0.7989176523433672,0.04838245579689505
2025-08-28,1.2209307578411543,0.08030317411364463
2025-08-29,0.0,0.09880378496976165
2025-09-02,1.2340127918300414,0.02678298803495722
2025-09-03,-0.7625487786955487,0.03559218423819914
2025-09-04,1.329292211977151,0.06974216299431774
2025-09-05,0.6891438841157616,0.1109466110971737
2025-09-08,0.1429304041201229,0.11001530748300477
2025-09-09,0.0082356331925437,0.034257040756788426
2025-09-10,-0.1838894261971813,0.06241115776656173
2025-09-11,0.343699313581447,0.048573407450814496
2025-09-12,0.8987792433232666,0.044421992724676174
2025-09-15,0.1819551154396803,0.1335130437183629
2025-09-16,-0.1924653339363868,0.051888874595801375
2025-09-17,-1.0348225637178965,0.056045839289724515
2025-09-18,0.7629620770278844,0.1477296673781162
2025-09-19,1.884786903768898,0.08974785696975834
2025-09-22,1.0666492101799152,0.05818795949093776
2025-09-23,-1.2828651205417652,0.10555137834666446
2025-09-24,0.1286086804186847,-0.020901366927539907
2025-09-25,1.0275936601965352,-0.01767424395083342
2025-09-26,1.2078471360118748,0.0016540518438126258
2025-09-29,0.5208235492420998,0.04343380401862557
2025-09-30,0.6951663932628138,0.0031124834810637297
2025-10-01,-0.7188118636877849,0.06841437387994898
2025-10-02,1.0703986816393396,0.019349273989328595
2025-10-03,1.744484392910639,0.03113375618363077
2025-10-06,0.7116651299544197,-0.028289456426933018
2025-10-07,1.677311007742199,-0.028669677001923074
2025-10-08,0.0,0.018522456407828784
2025-10-09,0.7500659643053353,-0.051978985022001704
2025-10-10,0.0,-0.025128465973440185
2025-10-13,0.7326120075161535,0.007834138325778561
2025-10-14,0.9229880210824382,-0.019881781491310556
2025-10-15,0.0,0.002845793311778941
2025-10-16,0.0,0.011553512422354263
2025-10-17,0.0,-0.01887265937149668
2025-10-20,0.0,0.024547188240970443
2025-10-21,-1.0592765943036375,0.14041052712846974
2025-10-22,2.005244278866991,0.10495467159727459
2025-10-23,-0.1721027186098678,0.1413709133020814
2025-10-24,0.0,0.11423597969789218
2025-10-27,-0.8920750654199727,0.12332927070051902
2025-10-28,0.4412283852413878,0.12192033445783354
2025-10-29,0.441802793181556,0.07102666723134485
2025-10-30,-0.4773472977074977,0.067861838401471
2025-10-31,0.4545250835765735,0.053829882689878844
2025-11-03,-1.3149038075696118,0.06803257258822108
2025-11-04,0.8257997836581543,0.06708061452150282
2025-11-05,-0.0100531738679521,0.08459980341312973
2025-11-06,0.4899620713705976,0.054457829709474534
2025-11-07,0.0,0.040530869557330894
2025-11-10,-0.1216012509728692,0.0001902942456928139
2025-11-11,0.0,-0.016809265854668735
2025-11-12,-0.4162306252134762,-0.037268182315532805
2025-11-13,0.0,-0.055622607045078196
2025-11-14,-0.4721608857772397,0.09522153937535886
2025-11-17,-0.1720620385906923,0.08777497000535817
2025-11-18,0.4038091780114161,0.10595614438004057
2025-11-19,-0.5198997333235034,0.059499348292082116
2025-11-20,0.4979650233421617,0.07143035654870195
2025-11-21,0.3728493966671742,0.09652165261314223
2025-11-24,1.155949414638835,0.07293171343875667
2025-11-25,0.6281406738781081,-0.07372487676762818
2025-11-26,1.2748393086785548,-0.013036202116316675
2025-11-28,0.4978309027884764,0.053700988192237564
2025-12-01,-1.2431229084807538,-0.020021131655915885
2025-12-02,0.3033417745907929,-0.03982855373747378
2025-12-03,0.2976686729070144,-0.0029410236349123927
2025-12-04,0.026119419423165,-0.00884686246038445
2025-12-05,-0.6100241550233032,-0.05076156859315064
2025-12-08,0.4657049840088856,0.09416688895029075
2025-12-09,-0.2448544581386547,0.05954260722737956
2025-12-10,2.1232508752677903,0.08131451474734194
2025-12-11,0.3406859796114769,0.01812509644820227
2025-12-12,0.1534870702160518,-0.022882018218767244
2025-12-15,-0.0510877287184907,-0.026724673572133328
2025-12-16,0.9989545824137468,0.010977403381232837
2025-12-17,-0.1840138010350767,0.014336466468998112
2025-12-18,0.5046641858220902,-0.006430065519780743
2025-12-19,1.907648855308808,-0.027176815092872605
2025-12-22,0.8594633081026481,-4.6614262042841796e-05
2025-12-23,-0.0490699368048908,0.007298039236284997
2025-12-24,1.0824442919012078,0.009398775333218326
2025-12-26,0.0,-0.04376300453251427
2025-12-29,1.0404383478751278,0.11085867556744679
2025-12-30,-1.0182833117224457,0.11507384193040426
2025-12-31,-0.2589281269567367,0.08703301510751699
2026-01-02,0.0,0.0780157240661524
2026-01-05,1.0209897443217208,0.10099107357499812
2026-01-06,-0.734023229471259,-0.010415689792507118
2026-01-07,0.0089989580962512,0.06996389073599772
2026-01-08,0.9124122433634918,-0.08177702176877753
2026-01-09,0.0,-0.02348135750455969
2026-01-12,-0.3279458335799012,-0.009487562221279885
2026-01-13,0.808411221913885,-0.021508679203968456
2026-01-14,-0.2161554681317401,-0.001860978196906846
2026-01-15,-0.604378041378939,-0.00902809168787945
2026-01-16,0.0,0.01099841837562367
2026-01-20,1.516928009704066,0.014077083453382523
2026-01-21,1.5936090714126827,-0.0017999387725321561
2026-01-22,1.3730523408316264,0.002315172542271103
2026-01-23,2.079900243914934,-0.03755139089574944
2026-01-26,0.0039314727950712,-0.03315194688647649
2026-01-27,0.0,-0.03055230432938064
2026-01-28,0.3168817786714406,-0.030282789841227536
2026-01-29,0.0,-0.011407045849306765
2026-01-30,-1.9389444883695095,0.10717540904795154
2026-02-02,0.0,0.1185913162956015
2026-02-03,0.3405531815997564,0.09349904991647837
2026-02-04,-1.19908952871689,0.07003113349536377
2026-02-05,1.8472105725236831,0.05253554436448027
2026-02-06,2.0136472592168664,0.07727992763373015
2026-02-09,-0.9325090294185824,0.0368866843148069
2026-02-10,1.3549761304446184,-0.0442383794470617
2026-02-11,0.0,0.02219531191341133
2026-02-12,1.996462026284296,0.1049048002326734
2026-02-13,0.0,0.14442260419305958
2026-02-17,2.1216920217128177,0.08707215385507172
2026-02-18,-0.2125759080768063,0.07452947514645103
2026-02-19,1.6760767696405443,0.03854745442448916
2026-02-20,0.0,-0.02222969687471893
2026-02-23,-0.939542889887124,0.05344535432192542
2026-02-24,0.981420915727682,-0.0324721401743323
2026-02-25,-0.5742913127032345,0.06600319937626815
2026-02-26,1.0431758910460776,-0.02879587675655746
2026-02-27,1.2216786606203955,0.06548195773806278
2026-03-02,0.0,-0.023560746165224373
2026-03-03,0.2506224931178025,0.04023635613555119
2026-03-04,-1.0722313294558417,0.03503462706182001
2026-03-05,1.5951729627923683,0.060644864627276404
2026-03-06,-1.0609995262454652,0.04816948012238077
2026-03-09,0.0,0.04989744653483615
2026-03-10,-1.1912784794927855,-0.0026619924819896515
2026-03-11,-0.9985698539191068,0.11501467754975185
2026-03-12,-1.2373393624492413,0.11476387277024938
2026-03-13,-1.1578426521523966,0.060658599194829854
2026-03-16,0.1401682018422168,0.025785271176381713
2026-03-17,0.0,0.05463397007198133
2026-03-18,0.0,0.04035564194203217
2026-03-19,-0.6586017710874081,0.05936843501341318
2026-03-20,0.0,0.03566062878623084
2026-03-23,-0.1089960005973611,0.007496223229095329
2026-03-24,0.0,0.0102522239586573
2026-03-25,0.0,0.013030256649992512
2026-03-26,0.0,0.03126896488146066
2026-03-27,0.756901157613532,0.008828979707353518
